
═══ shanshui-cunji 0.6.0 功能冒烟测试（scale=50000000）═══

[2m2026-08-30T04:20:51.723162Z[0m [32m INFO[0m [2mshanshui_cunji::column_family[0m[2m:[0m 列族 [primary] 加载 0 个 SST，下一个 id=1
[2m2026-08-30T04:20:51.724465Z[0m [32m INFO[0m [2mshanshui_cunji::inverted[0m[2m:[0m 倒排索引打开: 0 个段，下一个 id=1
[2m2026-08-30T04:20:51.724499Z[0m [32m INFO[0m [2mshanshui_cunji::inverted[0m[2m:[0m FST 字典加载: 0/0 段
[2m2026-08-30T04:20:51.725046Z[0m [32m INFO[0m [2mshanshui_cunji::column_family[0m[2m:[0m 列族 [cidx] 加载 0 个 SST，下一个 id=1
[2m2026-08-30T04:20:51.726158Z[0m [32m INFO[0m [2mshanshui_cunji::column_family[0m[2m:[0m 列族 [delta] 加载 0 个 SST，下一个 id=1
[2m2026-08-30T04:20:52.403371Z[0m [32m INFO[0m [2mshanshui_cunji::inverted[0m[2m:[0m 倒排刷盘完成: inverted-00000001.seg
[2m2026-08-30T04:20:53.117040Z[0m [32m INFO[0m [2mshanshui_cunji::inverted[0m[2m:[0m 倒排刷盘完成: inverted-00000002.seg
[2m2026-08-30T04:20:53.861389Z[0m [32m INFO[0m [2mshanshui_cunji::inverted[0m[2m:[0m 倒排刷盘完成: inverted-00000003.seg
[2m2026-08-30T04:20:54.544433Z[0m [32m INFO[0m [2mshanshui_cunji::inverted[0m[2m:[0m 倒排刷盘完成: inverted-00000004.seg
[2m2026-08-30T04:20:55.249924Z[0m [32m INFO[0m [2mshanshui_cunji::inverted[0m[2m:[0m 倒排刷盘完成: inverted-00000005.seg
[2m2026-08-30T04:20:55.969437Z[0m [32m INFO[0m [2mshanshui_cunji::inverted[0m[2m:[0m 倒排刷盘完成: inverted-00000006.seg
[2m2026-08-30T04:20:56.672351Z[0m [32m INFO[0m [2mshanshui_cunji::inverted[0m[2m:[0m 倒排刷盘完成: inverted-00000007.seg
[2m2026-08-30T04:20:57.317300Z[0m [32m INFO[0m [2mshanshui_cunji::inverted[0m[2m:[0m 倒排刷盘完成: inverted-00000008.seg
[2m2026-08-30T04:20:57.913834Z[0m [32m INFO[0m [2mshanshui_cunji::inverted[0m[2m:[0m 倒排刷盘完成: inverted-00000009.seg
[2m2026-08-30T04:20:58.514935Z[0m [32m INFO[0m [2mshanshui_cunji::inverted[0m[2m:[0m 倒排刷盘完成: inverted-00000010.seg
[2m2026-08-30T04:20:59.192557Z[0m [32m INFO[0m [2mshanshui_cunji::inverted[0m[2m:[0m 倒排刷盘完成: inverted-00000011.seg
[2m2026-08-30T04:20:59.907101Z[0m [32m INFO[0m [2mshanshui_cunji::inverted[0m[2m:[0m 倒排刷盘完成: inverted-00000012.seg
[2m2026-08-30T04:21:00.613078Z[0m [32m INFO[0m [2mshanshui_cunji::inverted[0m[2m:[0m 倒排刷盘完成: inverted-00000013.seg
[2m2026-08-30T04:21:01.304566Z[0m [32m INFO[0m [2mshanshui_cunji::inverted[0m[2m:[0m 倒排刷盘完成: inverted-00000014.seg
[2m2026-08-30T04:21:02.050483Z[0m [32m INFO[0m [2mshanshui_cunji::inverted[0m[2m:[0m 倒排刷盘完成: inverted-00000015.seg
[2m2026-08-30T04:21:02.659042Z[0m [32m INFO[0m [2mshanshui_cunji::inverted[0m[2m:[0m 倒排刷盘完成: inverted-00000016.seg
[2m2026-08-30T04:21:03.286325Z[0m [32m INFO[0m [2mshanshui_cunji::inverted[0m[2m:[0m 倒排刷盘完成: inverted-00000017.seg
[2m2026-08-30T04:21:04.007500Z[0m [32m INFO[0m [2mshanshui_cunji::inverted[0m[2m:[0m 倒排刷盘完成: inverted-00000018.seg
[2m2026-08-30T04:21:04.683128Z[0m [32m INFO[0m [2mshanshui_cunji::inverted[0m[2m:[0m 倒排刷盘完成: inverted-00000019.seg
[2m2026-08-30T04:21:05.359791Z[0m [32m INFO[0m [2mshanshui_cunji::inverted[0m[2m:[0m 倒排刷盘完成: inverted-00000020.seg
[2m2026-08-30T04:21:06.015790Z[0m [32m INFO[0m [2mshanshui_cunji::inverted[0m[2m:[0m 倒排刷盘完成: inverted-00000021.seg
[2m2026-08-30T04:21:06.696110Z[0m [32m INFO[0m [2mshanshui_cunji::inverted[0m[2m:[0m 倒排刷盘完成: inverted-00000022.seg
[2m2026-08-30T04:21:07.428025Z[0m [32m INFO[0m [2mshanshui_cunji::inverted[0m[2m:[0m 倒排刷盘完成: inverted-00000023.seg
[2m2026-08-30T04:21:08.199517Z[0m [32m INFO[0m [2mshanshui_cunji::inverted[0m[2m:[0m 倒排刷盘完成: inverted-00000024.seg
[2m2026-08-30T04:21:08.992126Z[0m [32m INFO[0m [2mshanshui_cunji::inverted[0m[2m:[0m 倒排刷盘完成: inverted-00000025.seg
[2m2026-08-30T04:21:12.174073Z[0m [32m INFO[0m [2mshanshui_cunji::column_family[0m[2m:[0m 列族 [primary] 刷盘完成: sst-00000001.sst (1013975 条)
[2m2026-08-30T04:21:12.860490Z[0m [32m INFO[0m [2mshanshui_cunji::inverted[0m[2m:[0m 倒排刷盘完成: inverted-00000026.seg
[2m2026-08-30T04:21:13.612366Z[0m [32m INFO[0m [2mshanshui_cunji::inverted[0m[2m:[0m 倒排刷盘完成: inverted-00000027.seg
[2m2026-08-30T04:21:14.347180Z[0m [32m INFO[0m [2mshanshui_cunji::inverted[0m[2m:[0m 倒排刷盘完成: inverted-00000028.seg
[2m2026-08-30T04:21:15.110982Z[0m [32m INFO[0m [2mshanshui_cunji::inverted[0m[2m:[0m 倒排刷盘完成: inverted-00000029.seg
[2m2026-08-30T04:21:15.814870Z[0m [32m INFO[0m [2mshanshui_cunji::inverted[0m[2m:[0m 倒排刷盘完成: inverted-00000030.seg
[2m2026-08-30T04:21:16.428027Z[0m [32m INFO[0m [2mshanshui_cunji::inverted[0m[2m:[0m 倒排刷盘完成: inverted-00000031.seg
[2m2026-08-30T04:21:17.155452Z[0m [32m INFO[0m [2mshanshui_cunji::inverted[0m[2m:[0m 倒排刷盘完成: inverted-00000032.seg
[2m2026-08-30T04:21:17.880952Z[0m [32m INFO[0m [2mshanshui_cunji::inverted[0m[2m:[0m 倒排刷盘完成: inverted-00000033.seg
[2m2026-08-30T04:21:18.602615Z[0m [32m INFO[0m [2mshanshui_cunji::inverted[0m[2m:[0m 倒排刷盘完成: inverted-00000034.seg
[2m2026-08-30T04:21:19.331862Z[0m [32m INFO[0m [2mshanshui_cunji::inverted[0m[2m:[0m 倒排刷盘完成: inverted-00000035.seg
[2m2026-08-30T04:21:20.023780Z[0m [32m INFO[0m [2mshanshui_cunji::inverted[0m[2m:[0m 倒排刷盘完成: inverted-00000036.seg
[2m2026-08-30T04:21:20.791046Z[0m [32m INFO[0m [2mshanshui_cunji::inverted[0m[2m:[0m 倒排刷盘完成: inverted-00000037.seg
[2m2026-08-30T04:21:21.505695Z[0m [32m INFO[0m [2mshanshui_cunji::inverted[0m[2m:[0m 倒排刷盘完成: inverted-00000038.seg
[2m2026-08-30T04:21:22.211135Z[0m [32m INFO[0m [2mshanshui_cunji::inverted[0m[2m:[0m 倒排刷盘完成: inverted-00000039.seg
[2m2026-08-30T04:21:22.931572Z[0m [32m INFO[0m [2mshanshui_cunji::inverted[0m[2m:[0m 倒排刷盘完成: inverted-00000040.seg
[2m2026-08-30T04:21:23.649412Z[0m [32m INFO[0m [2mshanshui_cunji::inverted[0m[2m:[0m 倒排刷盘完成: inverted-00000041.seg
[2m2026-08-30T04:21:24.414155Z[0m [32m INFO[0m [2mshanshui_cunji::inverted[0m[2m:[0m 倒排刷盘完成: inverted-00000042.seg
[2m2026-08-30T04:21:25.135329Z[0m [32m INFO[0m [2mshanshui_cunji::inverted[0m[2m:[0m 倒排刷盘完成: inverted-00000043.seg
[2m2026-08-30T04:21:25.800326Z[0m [32m INFO[0m [2mshanshui_cunji::inverted[0m[2m:[0m 倒排刷盘完成: inverted-00000044.seg
[2m2026-08-30T04:21:26.399381Z[0m [32m INFO[0m [2mshanshui_cunji::inverted[0m[2m:[0m 倒排刷盘完成: inverted-00000045.seg
[2m2026-08-30T04:21:27.331676Z[0m [32m INFO[0m [2mshanshui_cunji::inverted[0m[2m:[0m 倒排刷盘完成: inverted-00000046.seg
[2m2026-08-30T04:21:28.052541Z[0m [32m INFO[0m [2mshanshui_cunji::inverted[0m[2m:[0m 倒排刷盘完成: inverted-00000047.seg
[2m2026-08-30T04:21:28.679406Z[0m [32m INFO[0m [2mshanshui_cunji::inverted[0m[2m:[0m 倒排刷盘完成: inverted-00000048.seg
[2m2026-08-30T04:21:29.282520Z[0m [32m INFO[0m [2mshanshui_cunji::inverted[0m[2m:[0m 倒排刷盘完成: inverted-00000049.seg
[2m2026-08-30T04:21:32.942059Z[0m [32m INFO[0m [2mshanshui_cunji::column_family[0m[2m:[0m 列族 [primary] 刷盘完成: sst-00000002.sst (1001538 条)
[2m2026-08-30T04:21:33.069936Z[0m [32m INFO[0m [2mshanshui_cunji::inverted[0m[2m:[0m 倒排刷盘完成: inverted-00000050.seg
[2m2026-08-30T04:21:33.810665Z[0m [32m INFO[0m [2mshanshui_cunji::inverted[0m[2m:[0m 倒排刷盘完成: inverted-00000051.seg
[2m2026-08-30T04:21:34.484817Z[0m [32m INFO[0m [2mshanshui_cunji::inverted[0m[2m:[0m 倒排刷盘完成: inverted-00000052.seg
[2m2026-08-30T04:21:35.281339Z[0m [32m INFO[0m [2mshanshui_cunji::inverted[0m[2m:[0m 倒排刷盘完成: inverted-00000053.seg
[2m2026-08-30T04:21:36.105969Z[0m [32m INFO[0m [2mshanshui_cunji::inverted[0m[2m:[0m 倒排刷盘完成: inverted-00000054.seg
[2m2026-08-30T04:21:36.711564Z[0m [32m INFO[0m [2mshanshui_cunji::inverted[0m[2m:[0m 倒排刷盘完成: inverted-00000055.seg
[2m2026-08-30T04:21:37.308657Z[0m [32m INFO[0m [2mshanshui_cunji::inverted[0m[2m:[0m 倒排刷盘完成: inverted-00000056.seg
[2m2026-08-30T04:21:37.905265Z[0m [32m INFO[0m [2mshanshui_cunji::inverted[0m[2m:[0m 倒排刷盘完成: inverted-00000057.seg
[2m2026-08-30T04:21:38.499534Z[0m [32m INFO[0m [2mshanshui_cunji::inverted[0m[2m:[0m 倒排刷盘完成: inverted-00000058.seg
[2m2026-08-30T04:21:39.178526Z[0m [32m INFO[0m [2mshanshui_cunji::inverted[0m[2m:[0m 倒排刷盘完成: inverted-00000059.seg
[2m2026-08-30T04:21:39.900614Z[0m [32m INFO[0m [2mshanshui_cunji::inverted[0m[2m:[0m 倒排刷盘完成: inverted-00000060.seg
[2m2026-08-30T04:21:40.631464Z[0m [32m INFO[0m [2mshanshui_cunji::inverted[0m[2m:[0m 倒排刷盘完成: inverted-00000061.seg
[2m2026-08-30T04:21:41.430775Z[0m [32m INFO[0m [2mshanshui_cunji::inverted[0m[2m:[0m 倒排刷盘完成: inverted-00000062.seg
[2m2026-08-30T04:21:42.166973Z[0m [32m INFO[0m [2mshanshui_cunji::inverted[0m[2m:[0m 倒排刷盘完成: inverted-00000063.seg
[2m2026-08-30T04:21:42.964005Z[0m [32m INFO[0m [2mshanshui_cunji::inverted[0m[2m:[0m 倒排刷盘完成: inverted-00000064.seg
[2m2026-08-30T04:21:43.555439Z[0m [32m INFO[0m [2mshanshui_cunji::inverted[0m[2m:[0m 倒排刷盘完成: inverted-00000065.seg
[2m2026-08-30T04:21:44.155118Z[0m [32m INFO[0m [2mshanshui_cunji::inverted[0m[2m:[0m 倒排刷盘完成: inverted-00000066.seg
[2m2026-08-30T04:21:44.765150Z[0m [32m INFO[0m [2mshanshui_cunji::inverted[0m[2m:[0m 倒排刷盘完成: inverted-00000067.seg
[2m2026-08-30T04:21:45.383505Z[0m [32m INFO[0m [2mshanshui_cunji::inverted[0m[2m:[0m 倒排刷盘完成: inverted-00000068.seg
[2m2026-08-30T04:21:46.066947Z[0m [32m INFO[0m [2mshanshui_cunji::inverted[0m[2m:[0m 倒排刷盘完成: inverted-00000069.seg
[2m2026-08-30T04:21:46.776532Z[0m [32m INFO[0m [2mshanshui_cunji::inverted[0m[2m:[0m 倒排刷盘完成: inverted-00000070.seg
[2m2026-08-30T04:21:47.595783Z[0m [32m INFO[0m [2mshanshui_cunji::inverted[0m[2m:[0m 倒排刷盘完成: inverted-00000071.seg
[2m2026-08-30T04:21:48.330541Z[0m [32m INFO[0m [2mshanshui_cunji::inverted[0m[2m:[0m 倒排刷盘完成: inverted-00000072.seg
[2m2026-08-30T04:21:49.054236Z[0m [32m INFO[0m [2mshanshui_cunji::inverted[0m[2m:[0m 倒排刷盘完成: inverted-00000073.seg
[2m2026-08-30T04:21:49.829059Z[0m [32m INFO[0m [2mshanshui_cunji::inverted[0m[2m:[0m 倒排刷盘完成: inverted-00000074.seg
[2m2026-08-30T04:21:53.712121Z[0m [32m INFO[0m [2mshanshui_cunji::column_family[0m[2m:[0m 列族 [primary] 刷盘完成: sst-00000003.sst (1001538 条)
[2m2026-08-30T04:21:53.970009Z[0m [32m INFO[0m [2mshanshui_cunji::inverted[0m[2m:[0m 倒排刷盘完成: inverted-00000075.seg
[2m2026-08-30T04:21:54.695686Z[0m [32m INFO[0m [2mshanshui_cunji::inverted[0m[2m:[0m 倒排刷盘完成: inverted-00000076.seg
[2m2026-08-30T04:21:55.406550Z[0m [32m INFO[0m [2mshanshui_cunji::inverted[0m[2m:[0m 倒排刷盘完成: inverted-00000077.seg
[2m2026-08-30T04:21:56.110221Z[0m [32m INFO[0m [2mshanshui_cunji::inverted[0m[2m:[0m 倒排刷盘完成: inverted-00000078.seg
[2m2026-08-30T04:21:56.812794Z[0m [32m INFO[0m [2mshanshui_cunji::inverted[0m[2m:[0m 倒排刷盘完成: inverted-00000079.seg
[2m2026-08-30T04:21:57.554798Z[0m [32m INFO[0m [2mshanshui_cunji::inverted[0m[2m:[0m 倒排刷盘完成: inverted-00000080.seg
[2m2026-08-30T04:21:58.262310Z[0m [32m INFO[0m [2mshanshui_cunji::inverted[0m[2m:[0m 倒排刷盘完成: inverted-00000081.seg
[2m2026-08-30T04:21:58.948693Z[0m [32m INFO[0m [2mshanshui_cunji::inverted[0m[2m:[0m 倒排刷盘完成: inverted-00000082.seg
[2m2026-08-30T04:21:59.665145Z[0m [32m INFO[0m [2mshanshui_cunji::inverted[0m[2m:[0m 倒排刷盘完成: inverted-00000083.seg
[2m2026-08-30T04:22:00.376850Z[0m [32m INFO[0m [2mshanshui_cunji::inverted[0m[2m:[0m 倒排刷盘完成: inverted-00000084.seg
[2m2026-08-30T04:22:01.055077Z[0m [32m INFO[0m [2mshanshui_cunji::inverted[0m[2m:[0m 倒排刷盘完成: inverted-00000085.seg
[2m2026-08-30T04:22:01.800270Z[0m [32m INFO[0m [2mshanshui_cunji::inverted[0m[2m:[0m 倒排刷盘完成: inverted-00000086.seg
[2m2026-08-30T04:22:02.505703Z[0m [32m INFO[0m [2mshanshui_cunji::inverted[0m[2m:[0m 倒排刷盘完成: inverted-00000087.seg
[2m2026-08-30T04:22:03.137515Z[0m [32m INFO[0m [2mshanshui_cunji::inverted[0m[2m:[0m 倒排刷盘完成: inverted-00000088.seg
[2m2026-08-30T04:22:03.803286Z[0m [32m INFO[0m [2mshanshui_cunji::inverted[0m[2m:[0m 倒排刷盘完成: inverted-00000089.seg
[2m2026-08-30T04:22:04.443478Z[0m [32m INFO[0m [2mshanshui_cunji::inverted[0m[2m:[0m 倒排刷盘完成: inverted-00000090.seg
[2m2026-08-30T04:22:05.256185Z[0m [32m INFO[0m [2mshanshui_cunji::inverted[0m[2m:[0m 倒排刷盘完成: inverted-00000091.seg
[2m2026-08-30T04:22:06.534146Z[0m [32m INFO[0m [2mshanshui_cunji::inverted[0m[2m:[0m 倒排刷盘完成: inverted-00000092.seg
[2m2026-08-30T04:22:07.256125Z[0m [32m INFO[0m [2mshanshui_cunji::inverted[0m[2m:[0m 倒排刷盘完成: inverted-00000093.seg
[2m2026-08-30T04:22:07.999636Z[0m [32m INFO[0m [2mshanshui_cunji::inverted[0m[2m:[0m 倒排刷盘完成: inverted-00000094.seg
[2m2026-08-30T04:22:08.740728Z[0m [32m INFO[0m [2mshanshui_cunji::inverted[0m[2m:[0m 倒排刷盘完成: inverted-00000095.seg
[2m2026-08-30T04:22:09.434111Z[0m [32m INFO[0m [2mshanshui_cunji::inverted[0m[2m:[0m 倒排刷盘完成: inverted-00000096.seg
[2m2026-08-30T04:22:10.112750Z[0m [32m INFO[0m [2mshanshui_cunji::inverted[0m[2m:[0m 倒排刷盘完成: inverted-00000097.seg
[2m2026-08-30T04:22:10.843866Z[0m [32m INFO[0m [2mshanshui_cunji::inverted[0m[2m:[0m 倒排刷盘完成: inverted-00000098.seg
[2m2026-08-30T04:22:11.514348Z[0m [32m INFO[0m [2mshanshui_cunji::inverted[0m[2m:[0m 倒排刷盘完成: inverted-00000099.seg
[2m2026-08-30T04:22:15.073240Z[0m [32m INFO[0m [2mshanshui_cunji::column_family[0m[2m:[0m 列族 [primary] 刷盘完成: sst-00000004.sst (1001538 条)
[2m2026-08-30T04:22:15.417165Z[0m [32m INFO[0m [2mshanshui_cunji::inverted[0m[2m:[0m 倒排刷盘完成: inverted-00000100.seg
[2m2026-08-30T04:22:16.128107Z[0m [32m INFO[0m [2mshanshui_cunji::inverted[0m[2m:[0m 倒排刷盘完成: inverted-00000101.seg
[2m2026-08-30T04:22:16.816542Z[0m [32m INFO[0m [2mshanshui_cunji::inverted[0m[2m:[0m 倒排刷盘完成: inverted-00000102.seg
[2m2026-08-30T04:22:17.480680Z[0m [32m INFO[0m [2mshanshui_cunji::inverted[0m[2m:[0m 倒排刷盘完成: inverted-00000103.seg
[2m2026-08-30T04:22:18.162093Z[0m [32m INFO[0m [2mshanshui_cunji::inverted[0m[2m:[0m 倒排刷盘完成: inverted-00000104.seg
[2m2026-08-30T04:22:18.874785Z[0m [32m INFO[0m [2mshanshui_cunji::inverted[0m[2m:[0m 倒排刷盘完成: inverted-00000105.seg
[2m2026-08-30T04:22:19.566093Z[0m [32m INFO[0m [2mshanshui_cunji::inverted[0m[2m:[0m 倒排刷盘完成: inverted-00000106.seg
[2m2026-08-30T04:22:20.301467Z[0m [32m INFO[0m [2mshanshui_cunji::inverted[0m[2m:[0m 倒排刷盘完成: inverted-00000107.seg
[2m2026-08-30T04:22:21.015723Z[0m [32m INFO[0m [2mshanshui_cunji::inverted[0m[2m:[0m 倒排刷盘完成: inverted-00000108.seg
[2m2026-08-30T04:22:21.759573Z[0m [32m INFO[0m [2mshanshui_cunji::inverted[0m[2m:[0m 倒排刷盘完成: inverted-00000109.seg
[2m2026-08-30T04:22:22.435542Z[0m [32m INFO[0m [2mshanshui_cunji::inverted[0m[2m:[0m 倒排刷盘完成: inverted-00000110.seg
[2m2026-08-30T04:22:23.210097Z[0m [32m INFO[0m [2mshanshui_cunji::inverted[0m[2m:[0m 倒排刷盘完成: inverted-00000111.seg
[2m2026-08-30T04:22:24.008450Z[0m [32m INFO[0m [2mshanshui_cunji::inverted[0m[2m:[0m 倒排刷盘完成: inverted-00000112.seg
[2m2026-08-30T04:22:24.722520Z[0m [32m INFO[0m [2mshanshui_cunji::inverted[0m[2m:[0m 倒排刷盘完成: inverted-00000113.seg
[2m2026-08-30T04:22:25.454813Z[0m [32m INFO[0m [2mshanshui_cunji::inverted[0m[2m:[0m 倒排刷盘完成: inverted-00000114.seg
[2m2026-08-30T04:22:26.284058Z[0m [32m INFO[0m [2mshanshui_cunji::inverted[0m[2m:[0m 倒排刷盘完成: inverted-00000115.seg
[2m2026-08-30T04:22:27.124444Z[0m [32m INFO[0m [2mshanshui_cunji::inverted[0m[2m:[0m 倒排刷盘完成: inverted-00000116.seg
[2m2026-08-30T04:22:27.891973Z[0m [32m INFO[0m [2mshanshui_cunji::inverted[0m[2m:[0m 倒排刷盘完成: inverted-00000117.seg
[2m2026-08-30T04:22:28.667632Z[0m [32m INFO[0m [2mshanshui_cunji::inverted[0m[2m:[0m 倒排刷盘完成: inverted-00000118.seg
[2m2026-08-30T04:22:29.394176Z[0m [32m INFO[0m [2mshanshui_cunji::inverted[0m[2m:[0m 倒排刷盘完成: inverted-00000119.seg
[2m2026-08-30T04:22:30.095471Z[0m [32m INFO[0m [2mshanshui_cunji::inverted[0m[2m:[0m 倒排刷盘完成: inverted-00000120.seg
[2m2026-08-30T04:22:30.730036Z[0m [32m INFO[0m [2mshanshui_cunji::inverted[0m[2m:[0m 倒排刷盘完成: inverted-00000121.seg
[2m2026-08-30T04:22:31.673070Z[0m [32m INFO[0m [2mshanshui_cunji::inverted[0m[2m:[0m 倒排刷盘完成: inverted-00000122.seg
[2m2026-08-30T04:22:32.423983Z[0m [32m INFO[0m [2mshanshui_cunji::inverted[0m[2m:[0m 倒排刷盘完成: inverted-00000123.seg
[2m2026-08-30T04:22:33.017330Z[0m [32m INFO[0m [2mshanshui_cunji::inverted[0m[2m:[0m 倒排刷盘完成: inverted-00000124.seg
[2m2026-08-30T04:22:36.412383Z[0m [32m INFO[0m [2mshanshui_cunji::column_family[0m[2m:[0m 列族 [primary] 刷盘完成: sst-00000005.sst (1001538 条)
[2m2026-08-30T04:22:36.829311Z[0m [32m INFO[0m [2mshanshui_cunji::inverted[0m[2m:[0m 倒排刷盘完成: inverted-00000125.seg
[2m2026-08-30T04:22:37.544120Z[0m [32m INFO[0m [2mshanshui_cunji::inverted[0m[2m:[0m 倒排刷盘完成: inverted-00000126.seg
[2m2026-08-30T04:22:38.263041Z[0m [32m INFO[0m [2mshanshui_cunji::inverted[0m[2m:[0m 倒排刷盘完成: inverted-00000127.seg
[2m2026-08-30T04:22:39.003798Z[0m [32m INFO[0m [2mshanshui_cunji::inverted[0m[2m:[0m 倒排刷盘完成: inverted-00000128.seg
[2m2026-08-30T04:22:39.679546Z[0m [32m INFO[0m [2mshanshui_cunji::inverted[0m[2m:[0m 倒排刷盘完成: inverted-00000129.seg
[2m2026-08-30T04:22:40.363695Z[0m [32m INFO[0m [2mshanshui_cunji::inverted[0m[2m:[0m 倒排刷盘完成: inverted-00000130.seg
[2m2026-08-30T04:22:41.097970Z[0m [32m INFO[0m [2mshanshui_cunji::inverted[0m[2m:[0m 倒排刷盘完成: inverted-00000131.seg
[2m2026-08-30T04:22:41.846538Z[0m [32m INFO[0m [2mshanshui_cunji::inverted[0m[2m:[0m 倒排刷盘完成: inverted-00000132.seg
[2m2026-08-30T04:22:42.564526Z[0m [32m INFO[0m [2mshanshui_cunji::inverted[0m[2m:[0m 倒排刷盘完成: inverted-00000133.seg
[2m2026-08-30T04:22:43.261403Z[0m [32m INFO[0m [2mshanshui_cunji::inverted[0m[2m:[0m 倒排刷盘完成: inverted-00000134.seg
[2m2026-08-30T04:22:43.961378Z[0m [32m INFO[0m [2mshanshui_cunji::inverted[0m[2m:[0m 倒排刷盘完成: inverted-00000135.seg
[2m2026-08-30T04:22:44.663357Z[0m [32m INFO[0m [2mshanshui_cunji::inverted[0m[2m:[0m 倒排刷盘完成: inverted-00000136.seg
[2m2026-08-30T04:22:45.362007Z[0m [32m INFO[0m [2mshanshui_cunji::inverted[0m[2m:[0m 倒排刷盘完成: inverted-00000137.seg
[2m2026-08-30T04:22:46.055028Z[0m [32m INFO[0m [2mshanshui_cunji::inverted[0m[2m:[0m 倒排刷盘完成: inverted-00000138.seg
[2m2026-08-30T04:22:46.743574Z[0m [32m INFO[0m [2mshanshui_cunji::inverted[0m[2m:[0m 倒排刷盘完成: inverted-00000139.seg
[2m2026-08-30T04:22:47.465511Z[0m [32m INFO[0m [2mshanshui_cunji::inverted[0m[2m:[0m 倒排刷盘完成: inverted-00000140.seg
[2m2026-08-30T04:22:48.170098Z[0m [32m INFO[0m [2mshanshui_cunji::inverted[0m[2m:[0m 倒排刷盘完成: inverted-00000141.seg
[2m2026-08-30T04:22:48.879096Z[0m [32m INFO[0m [2mshanshui_cunji::inverted[0m[2m:[0m 倒排刷盘完成: inverted-00000142.seg
[2m2026-08-30T04:22:49.554322Z[0m [32m INFO[0m [2mshanshui_cunji::inverted[0m[2m:[0m 倒排刷盘完成: inverted-00000143.seg
[2m2026-08-30T04:22:50.258374Z[0m [32m INFO[0m [2mshanshui_cunji::inverted[0m[2m:[0m 倒排刷盘完成: inverted-00000144.seg
[2m2026-08-30T04:22:50.965944Z[0m [32m INFO[0m [2mshanshui_cunji::inverted[0m[2m:[0m 倒排刷盘完成: inverted-00000145.seg
[2m2026-08-30T04:22:51.675765Z[0m [32m INFO[0m [2mshanshui_cunji::inverted[0m[2m:[0m 倒排刷盘完成: inverted-00000146.seg
[2m2026-08-30T04:22:52.399116Z[0m [32m INFO[0m [2mshanshui_cunji::inverted[0m[2m:[0m 倒排刷盘完成: inverted-00000147.seg
[2m2026-08-30T04:22:53.090402Z[0m [32m INFO[0m [2mshanshui_cunji::inverted[0m[2m:[0m 倒排刷盘完成: inverted-00000148.seg
[2m2026-08-30T04:22:53.816021Z[0m [32m INFO[0m [2mshanshui_cunji::inverted[0m[2m:[0m 倒排刷盘完成: inverted-00000149.seg
[2m2026-08-30T04:22:57.135247Z[0m [32m INFO[0m [2mshanshui_cunji::column_family[0m[2m:[0m 列族 [primary] 刷盘完成: sst-00000006.sst (1001538 条)
[2m2026-08-30T04:22:57.723512Z[0m [32m INFO[0m [2mshanshui_cunji::inverted[0m[2m:[0m 倒排刷盘完成: inverted-00000150.seg
[2m2026-08-30T04:22:58.467863Z[0m [32m INFO[0m [2mshanshui_cunji::inverted[0m[2m:[0m 倒排刷盘完成: inverted-00000151.seg
[2m2026-08-30T04:22:59.100796Z[0m [32m INFO[0m [2mshanshui_cunji::inverted[0m[2m:[0m 倒排刷盘完成: inverted-00000152.seg
[2m2026-08-30T04:22:59.856381Z[0m [32m INFO[0m [2mshanshui_cunji::inverted[0m[2m:[0m 倒排刷盘完成: inverted-00000153.seg
[2m2026-08-30T04:23:00.598365Z[0m [32m INFO[0m [2mshanshui_cunji::inverted[0m[2m:[0m 倒排刷盘完成: inverted-00000154.seg
[2m2026-08-30T04:23:01.317304Z[0m [32m INFO[0m [2mshanshui_cunji::inverted[0m[2m:[0m 倒排刷盘完成: inverted-00000155.seg
[2m2026-08-30T04:23:02.023769Z[0m [32m INFO[0m [2mshanshui_cunji::inverted[0m[2m:[0m 倒排刷盘完成: inverted-00000156.seg
[2m2026-08-30T04:23:02.779178Z[0m [32m INFO[0m [2mshanshui_cunji::inverted[0m[2m:[0m 倒排刷盘完成: inverted-00000157.seg
[2m2026-08-30T04:23:03.499573Z[0m [32m INFO[0m [2mshanshui_cunji::inverted[0m[2m:[0m 倒排刷盘完成: inverted-00000158.seg
[2m2026-08-30T04:23:04.190388Z[0m [32m INFO[0m [2mshanshui_cunji::inverted[0m[2m:[0m 倒排刷盘完成: inverted-00000159.seg
[2m2026-08-30T04:23:04.901093Z[0m [32m INFO[0m [2mshanshui_cunji::inverted[0m[2m:[0m 倒排刷盘完成: inverted-00000160.seg
[2m2026-08-30T04:23:05.595899Z[0m [32m INFO[0m [2mshanshui_cunji::inverted[0m[2m:[0m 倒排刷盘完成: inverted-00000161.seg
[2m2026-08-30T04:23:06.254608Z[0m [32m INFO[0m [2mshanshui_cunji::inverted[0m[2m:[0m 倒排刷盘完成: inverted-00000162.seg
[2m2026-08-30T04:23:07.028381Z[0m [32m INFO[0m [2mshanshui_cunji::inverted[0m[2m:[0m 倒排刷盘完成: inverted-00000163.seg
[2m2026-08-30T04:23:07.664655Z[0m [32m INFO[0m [2mshanshui_cunji::inverted[0m[2m:[0m 倒排刷盘完成: inverted-00000164.seg
[2m2026-08-30T04:23:08.393032Z[0m [32m INFO[0m [2mshanshui_cunji::inverted[0m[2m:[0m 倒排刷盘完成: inverted-00000165.seg
[2m2026-08-30T04:23:09.099347Z[0m [32m INFO[0m [2mshanshui_cunji::inverted[0m[2m:[0m 倒排刷盘完成: inverted-00000166.seg
[2m2026-08-30T04:23:09.817563Z[0m [32m INFO[0m [2mshanshui_cunji::inverted[0m[2m:[0m 倒排刷盘完成: inverted-00000167.seg
[2m2026-08-30T04:23:10.504742Z[0m [32m INFO[0m [2mshanshui_cunji::inverted[0m[2m:[0m 倒排刷盘完成: inverted-00000168.seg
[2m2026-08-30T04:23:11.225539Z[0m [32m INFO[0m [2mshanshui_cunji::inverted[0m[2m:[0m 倒排刷盘完成: inverted-00000169.seg
[2m2026-08-30T04:23:11.960935Z[0m [32m INFO[0m [2mshanshui_cunji::inverted[0m[2m:[0m 倒排刷盘完成: inverted-00000170.seg
[2m2026-08-30T04:23:12.682282Z[0m [32m INFO[0m [2mshanshui_cunji::inverted[0m[2m:[0m 倒排刷盘完成: inverted-00000171.seg
[2m2026-08-30T04:23:13.285579Z[0m [32m INFO[0m [2mshanshui_cunji::inverted[0m[2m:[0m 倒排刷盘完成: inverted-00000172.seg
[2m2026-08-30T04:23:13.976751Z[0m [32m INFO[0m [2mshanshui_cunji::inverted[0m[2m:[0m 倒排刷盘完成: inverted-00000173.seg
[2m2026-08-30T04:23:14.684153Z[0m [32m INFO[0m [2mshanshui_cunji::inverted[0m[2m:[0m 倒排刷盘完成: inverted-00000174.seg
[2m2026-08-30T04:23:17.656392Z[0m [32m INFO[0m [2mshanshui_cunji::column_family[0m[2m:[0m 列族 [primary] 刷盘完成: sst-00000007.sst (1001538 条)
[2m2026-08-30T04:23:18.318319Z[0m [32m INFO[0m [2mshanshui_cunji::inverted[0m[2m:[0m 倒排刷盘完成: inverted-00000175.seg
[2m2026-08-30T04:23:19.040762Z[0m [32m INFO[0m [2mshanshui_cunji::inverted[0m[2m:[0m 倒排刷盘完成: inverted-00000176.seg
[2m2026-08-30T04:23:19.762148Z[0m [32m INFO[0m [2mshanshui_cunji::inverted[0m[2m:[0m 倒排刷盘完成: inverted-00000177.seg
[2m2026-08-30T04:23:20.493051Z[0m [32m INFO[0m [2mshanshui_cunji::inverted[0m[2m:[0m 倒排刷盘完成: inverted-00000178.seg
[2m2026-08-30T04:23:21.219993Z[0m [32m INFO[0m [2mshanshui_cunji::inverted[0m[2m:[0m 倒排刷盘完成: inverted-00000179.seg
[2m2026-08-30T04:23:21.920466Z[0m [32m INFO[0m [2mshanshui_cunji::inverted[0m[2m:[0m 倒排刷盘完成: inverted-00000180.seg
[2m2026-08-30T04:23:22.637698Z[0m [32m INFO[0m [2mshanshui_cunji::inverted[0m[2m:[0m 倒排刷盘完成: inverted-00000181.seg
[2m2026-08-30T04:23:23.337925Z[0m [32m INFO[0m [2mshanshui_cunji::inverted[0m[2m:[0m 倒排刷盘完成: inverted-00000182.seg
[2m2026-08-30T04:23:25.201203Z[0m [32m INFO[0m [2mshanshui_cunji::inverted[0m[2m:[0m 倒排刷盘完成: inverted-00000183.seg
[2m2026-08-30T04:23:25.912088Z[0m [32m INFO[0m [2mshanshui_cunji::inverted[0m[2m:[0m 倒排刷盘完成: inverted-00000184.seg
[2m2026-08-30T04:23:26.597837Z[0m [32m INFO[0m [2mshanshui_cunji::inverted[0m[2m:[0m 倒排刷盘完成: inverted-00000185.seg
[2m2026-08-30T04:23:27.421254Z[0m [32m INFO[0m [2mshanshui_cunji::inverted[0m[2m:[0m 倒排刷盘完成: inverted-00000186.seg
[2m2026-08-30T04:23:28.217295Z[0m [32m INFO[0m [2mshanshui_cunji::inverted[0m[2m:[0m 倒排刷盘完成: inverted-00000187.seg
[2m2026-08-30T04:23:28.897686Z[0m [32m INFO[0m [2mshanshui_cunji::inverted[0m[2m:[0m 倒排刷盘完成: inverted-00000188.seg
[2m2026-08-30T04:23:29.660401Z[0m [32m INFO[0m [2mshanshui_cunji::inverted[0m[2m:[0m 倒排刷盘完成: inverted-00000189.seg
[2m2026-08-30T04:23:30.328466Z[0m [32m INFO[0m [2mshanshui_cunji::inverted[0m[2m:[0m 倒排刷盘完成: inverted-00000190.seg
[2m2026-08-30T04:23:31.072067Z[0m [32m INFO[0m [2mshanshui_cunji::inverted[0m[2m:[0m 倒排刷盘完成: inverted-00000191.seg
[2m2026-08-30T04:23:31.777011Z[0m [32m INFO[0m [2mshanshui_cunji::inverted[0m[2m:[0m 倒排刷盘完成: inverted-00000192.seg
[2m2026-08-30T04:23:32.366657Z[0m [32m INFO[0m [2mshanshui_cunji::inverted[0m[2m:[0m 倒排刷盘完成: inverted-00000193.seg
[2m2026-08-30T04:23:32.953917Z[0m [32m INFO[0m [2mshanshui_cunji::inverted[0m[2m:[0m 倒排刷盘完成: inverted-00000194.seg
[2m2026-08-30T04:23:33.649123Z[0m [32m INFO[0m [2mshanshui_cunji::inverted[0m[2m:[0m 倒排刷盘完成: inverted-00000195.seg
[2m2026-08-30T04:23:34.293443Z[0m [32m INFO[0m [2mshanshui_cunji::inverted[0m[2m:[0m 倒排刷盘完成: inverted-00000196.seg
[2m2026-08-30T04:23:34.893300Z[0m [32m INFO[0m [2mshanshui_cunji::inverted[0m[2m:[0m 倒排刷盘完成: inverted-00000197.seg
[2m2026-08-30T04:23:35.488611Z[0m [32m INFO[0m [2mshanshui_cunji::inverted[0m[2m:[0m 倒排刷盘完成: inverted-00000198.seg
[2m2026-08-30T04:23:36.160344Z[0m [32m INFO[0m [2mshanshui_cunji::inverted[0m[2m:[0m 倒排刷盘完成: inverted-00000199.seg
[2m2026-08-30T04:23:39.034153Z[0m [32m INFO[0m [2mshanshui_cunji::column_family[0m[2m:[0m 列族 [primary] 刷盘完成: sst-00000008.sst (1001538 条)
[2m2026-08-30T04:23:39.719997Z[0m [32m INFO[0m [2mshanshui_cunji::inverted[0m[2m:[0m 倒排刷盘完成: inverted-00000200.seg
[2m2026-08-30T04:23:40.320819Z[0m [32m INFO[0m [2mshanshui_cunji::inverted[0m[2m:[0m 倒排刷盘完成: inverted-00000201.seg
[2m2026-08-30T04:23:40.909264Z[0m [32m INFO[0m [2mshanshui_cunji::inverted[0m[2m:[0m 倒排刷盘完成: inverted-00000202.seg
[2m2026-08-30T04:23:41.488812Z[0m [32m INFO[0m [2mshanshui_cunji::inverted[0m[2m:[0m 倒排刷盘完成: inverted-00000203.seg
[2m2026-08-30T04:23:42.231888Z[0m [32m INFO[0m [2mshanshui_cunji::inverted[0m[2m:[0m 倒排刷盘完成: inverted-00000204.seg
[2m2026-08-30T04:23:42.850561Z[0m [32m INFO[0m [2mshanshui_cunji::inverted[0m[2m:[0m 倒排刷盘完成: inverted-00000205.seg
[2m2026-08-30T04:23:43.433725Z[0m [32m INFO[0m [2mshanshui_cunji::inverted[0m[2m:[0m 倒排刷盘完成: inverted-00000206.seg
[2m2026-08-30T04:23:44.015709Z[0m [32m INFO[0m [2mshanshui_cunji::inverted[0m[2m:[0m 倒排刷盘完成: inverted-00000207.seg
[2m2026-08-30T04:23:44.629827Z[0m [32m INFO[0m [2mshanshui_cunji::inverted[0m[2m:[0m 倒排刷盘完成: inverted-00000208.seg
[2m2026-08-30T04:23:45.252492Z[0m [32m INFO[0m [2mshanshui_cunji::inverted[0m[2m:[0m 倒排刷盘完成: inverted-00000209.seg
[2m2026-08-30T04:23:45.875383Z[0m [32m INFO[0m [2mshanshui_cunji::inverted[0m[2m:[0m 倒排刷盘完成: inverted-00000210.seg
[2m2026-08-30T04:23:46.570033Z[0m [32m INFO[0m [2mshanshui_cunji::inverted[0m[2m:[0m 倒排刷盘完成: inverted-00000211.seg
[2m2026-08-30T04:23:47.302615Z[0m [32m INFO[0m [2mshanshui_cunji::inverted[0m[2m:[0m 倒排刷盘完成: inverted-00000212.seg
[2m2026-08-30T04:23:47.975640Z[0m [32m INFO[0m [2mshanshui_cunji::inverted[0m[2m:[0m 倒排刷盘完成: inverted-00000213.seg
[2m2026-08-30T04:23:48.592426Z[0m [32m INFO[0m [2mshanshui_cunji::inverted[0m[2m:[0m 倒排刷盘完成: inverted-00000214.seg
[2m2026-08-30T04:23:49.187961Z[0m [32m INFO[0m [2mshanshui_cunji::inverted[0m[2m:[0m 倒排刷盘完成: inverted-00000215.seg
[2m2026-08-30T04:23:49.879924Z[0m [32m INFO[0m [2mshanshui_cunji::inverted[0m[2m:[0m 倒排刷盘完成: inverted-00000216.seg
[2m2026-08-30T04:23:50.479428Z[0m [32m INFO[0m [2mshanshui_cunji::inverted[0m[2m:[0m 倒排刷盘完成: inverted-00000217.seg
[2m2026-08-30T04:23:51.071188Z[0m [32m INFO[0m [2mshanshui_cunji::inverted[0m[2m:[0m 倒排刷盘完成: inverted-00000218.seg
[2m2026-08-30T04:23:51.665480Z[0m [32m INFO[0m [2mshanshui_cunji::inverted[0m[2m:[0m 倒排刷盘完成: inverted-00000219.seg
[2m2026-08-30T04:23:52.336227Z[0m [32m INFO[0m [2mshanshui_cunji::inverted[0m[2m:[0m 倒排刷盘完成: inverted-00000220.seg
[2m2026-08-30T04:23:53.047184Z[0m [32m INFO[0m [2mshanshui_cunji::inverted[0m[2m:[0m 倒排刷盘完成: inverted-00000221.seg
[2m2026-08-30T04:23:53.740326Z[0m [32m INFO[0m [2mshanshui_cunji::inverted[0m[2m:[0m 倒排刷盘完成: inverted-00000222.seg
[2m2026-08-30T04:23:54.342471Z[0m [32m INFO[0m [2mshanshui_cunji::inverted[0m[2m:[0m 倒排刷盘完成: inverted-00000223.seg
[2m2026-08-30T04:23:57.712121Z[0m [32m INFO[0m [2mshanshui_cunji::column_family[0m[2m:[0m 列族 [primary] 刷盘完成: sst-00000009.sst (1001539 条)
[2m2026-08-30T04:23:57.942690Z[0m [32m INFO[0m [2mshanshui_cunji::inverted[0m[2m:[0m 倒排刷盘完成: inverted-00000224.seg
[2m2026-08-30T04:23:58.644048Z[0m [32m INFO[0m [2mshanshui_cunji::inverted[0m[2m:[0m 倒排刷盘完成: inverted-00000225.seg
[2m2026-08-30T04:23:59.269314Z[0m [32m INFO[0m [2mshanshui_cunji::inverted[0m[2m:[0m 倒排刷盘完成: inverted-00000226.seg
[2m2026-08-30T04:23:59.959211Z[0m [32m INFO[0m [2mshanshui_cunji::inverted[0m[2m:[0m 倒排刷盘完成: inverted-00000227.seg
[2m2026-08-30T04:24:00.555322Z[0m [32m INFO[0m [2mshanshui_cunji::inverted[0m[2m:[0m 倒排刷盘完成: inverted-00000228.seg
[2m2026-08-30T04:24:01.150005Z[0m [32m INFO[0m [2mshanshui_cunji::inverted[0m[2m:[0m 倒排刷盘完成: inverted-00000229.seg
[2m2026-08-30T04:24:01.761503Z[0m [32m INFO[0m [2mshanshui_cunji::inverted[0m[2m:[0m 倒排刷盘完成: inverted-00000230.seg
[2m2026-08-30T04:24:02.469303Z[0m [32m INFO[0m [2mshanshui_cunji::inverted[0m[2m:[0m 倒排刷盘完成: inverted-00000231.seg
[2m2026-08-30T04:24:03.179522Z[0m [32m INFO[0m [2mshanshui_cunji::inverted[0m[2m:[0m 倒排刷盘完成: inverted-00000232.seg
[2m2026-08-30T04:24:03.854844Z[0m [32m INFO[0m [2mshanshui_cunji::inverted[0m[2m:[0m 倒排刷盘完成: inverted-00000233.seg
[2m2026-08-30T04:24:04.451244Z[0m [32m INFO[0m [2mshanshui_cunji::inverted[0m[2m:[0m 倒排刷盘完成: inverted-00000234.seg
[2m2026-08-30T04:24:05.138408Z[0m [32m INFO[0m [2mshanshui_cunji::inverted[0m[2m:[0m 倒排刷盘完成: inverted-00000235.seg
[2m2026-08-30T04:24:05.723869Z[0m [32m INFO[0m [2mshanshui_cunji::inverted[0m[2m:[0m 倒排刷盘完成: inverted-00000236.seg
[2m2026-08-30T04:24:06.360895Z[0m [32m INFO[0m [2mshanshui_cunji::inverted[0m[2m:[0m 倒排刷盘完成: inverted-00000237.seg
[2m2026-08-30T04:24:07.088732Z[0m [32m INFO[0m [2mshanshui_cunji::inverted[0m[2m:[0m 倒排刷盘完成: inverted-00000238.seg
[2m2026-08-30T04:24:07.863929Z[0m [32m INFO[0m [2mshanshui_cunji::inverted[0m[2m:[0m 倒排刷盘完成: inverted-00000239.seg
[2m2026-08-30T04:24:08.539277Z[0m [32m INFO[0m [2mshanshui_cunji::inverted[0m[2m:[0m 倒排刷盘完成: inverted-00000240.seg
[2m2026-08-30T04:24:09.192277Z[0m [32m INFO[0m [2mshanshui_cunji::inverted[0m[2m:[0m 倒排刷盘完成: inverted-00000241.seg
[2m2026-08-30T04:24:09.811484Z[0m [32m INFO[0m [2mshanshui_cunji::inverted[0m[2m:[0m 倒排刷盘完成: inverted-00000242.seg
[2m2026-08-30T04:24:10.420260Z[0m [32m INFO[0m [2mshanshui_cunji::inverted[0m[2m:[0m 倒排刷盘完成: inverted-00000243.seg
[2m2026-08-30T04:24:11.090399Z[0m [32m INFO[0m [2mshanshui_cunji::inverted[0m[2m:[0m 倒排刷盘完成: inverted-00000244.seg
[2m2026-08-30T04:24:11.674692Z[0m [32m INFO[0m [2mshanshui_cunji::inverted[0m[2m:[0m 倒排刷盘完成: inverted-00000245.seg
[2m2026-08-30T04:24:12.272964Z[0m [32m INFO[0m [2mshanshui_cunji::inverted[0m[2m:[0m 倒排刷盘完成: inverted-00000246.seg
[2m2026-08-30T04:24:12.875850Z[0m [32m INFO[0m [2mshanshui_cunji::inverted[0m[2m:[0m 倒排刷盘完成: inverted-00000247.seg
[2m2026-08-30T04:24:13.586155Z[0m [32m INFO[0m [2mshanshui_cunji::inverted[0m[2m:[0m 倒排刷盘完成: inverted-00000248.seg
[2m2026-08-30T04:24:17.092157Z[0m [32m INFO[0m [2mshanshui_cunji::column_family[0m[2m:[0m 列族 [primary] 刷盘完成: sst-00000010.sst (1001230 条)
[2m2026-08-30T04:24:17.371717Z[0m [32m INFO[0m [2mshanshui_cunji::inverted[0m[2m:[0m 倒排刷盘完成: inverted-00000249.seg
[2m2026-08-30T04:24:17.985632Z[0m [32m INFO[0m [2mshanshui_cunji::inverted[0m[2m:[0m 倒排刷盘完成: inverted-00000250.seg
[2m2026-08-30T04:24:18.625199Z[0m [32m INFO[0m [2mshanshui_cunji::inverted[0m[2m:[0m 倒排刷盘完成: inverted-00000251.seg
[2m2026-08-30T04:24:19.365730Z[0m [32m INFO[0m [2mshanshui_cunji::inverted[0m[2m:[0m 倒排刷盘完成: inverted-00000252.seg
[2m2026-08-30T04:24:20.101702Z[0m [32m INFO[0m [2mshanshui_cunji::inverted[0m[2m:[0m 倒排刷盘完成: inverted-00000253.seg
[2m2026-08-30T04:24:20.841669Z[0m [32m INFO[0m [2mshanshui_cunji::inverted[0m[2m:[0m 倒排刷盘完成: inverted-00000254.seg
[2m2026-08-30T04:24:21.517811Z[0m [32m INFO[0m [2mshanshui_cunji::inverted[0m[2m:[0m 倒排刷盘完成: inverted-00000255.seg
[2m2026-08-30T04:24:22.143696Z[0m [32m INFO[0m [2mshanshui_cunji::inverted[0m[2m:[0m 倒排刷盘完成: inverted-00000256.seg
[2m2026-08-30T04:24:22.753577Z[0m [32m INFO[0m [2mshanshui_cunji::inverted[0m[2m:[0m 倒排刷盘完成: inverted-00000257.seg
[2m2026-08-30T04:24:23.371240Z[0m [32m INFO[0m [2mshanshui_cunji::inverted[0m[2m:[0m 倒排刷盘完成: inverted-00000258.seg
[2m2026-08-30T04:24:23.997012Z[0m [32m INFO[0m [2mshanshui_cunji::inverted[0m[2m:[0m 倒排刷盘完成: inverted-00000259.seg
[2m2026-08-30T04:24:24.590505Z[0m [32m INFO[0m [2mshanshui_cunji::inverted[0m[2m:[0m 倒排刷盘完成: inverted-00000260.seg
[2m2026-08-30T04:24:25.202846Z[0m [32m INFO[0m [2mshanshui_cunji::inverted[0m[2m:[0m 倒排刷盘完成: inverted-00000261.seg
[2m2026-08-30T04:24:25.826311Z[0m [32m INFO[0m [2mshanshui_cunji::inverted[0m[2m:[0m 倒排刷盘完成: inverted-00000262.seg
[2m2026-08-30T04:24:26.462481Z[0m [32m INFO[0m [2mshanshui_cunji::inverted[0m[2m:[0m 倒排刷盘完成: inverted-00000263.seg
[2m2026-08-30T04:24:27.094505Z[0m [32m INFO[0m [2mshanshui_cunji::inverted[0m[2m:[0m 倒排刷盘完成: inverted-00000264.seg
[2m2026-08-30T04:24:27.727208Z[0m [32m INFO[0m [2mshanshui_cunji::inverted[0m[2m:[0m 倒排刷盘完成: inverted-00000265.seg
[2m2026-08-30T04:24:28.411405Z[0m [32m INFO[0m [2mshanshui_cunji::inverted[0m[2m:[0m 倒排刷盘完成: inverted-00000266.seg
[2m2026-08-30T04:24:29.096016Z[0m [32m INFO[0m [2mshanshui_cunji::inverted[0m[2m:[0m 倒排刷盘完成: inverted-00000267.seg
[2m2026-08-30T04:24:29.706863Z[0m [32m INFO[0m [2mshanshui_cunji::inverted[0m[2m:[0m 倒排刷盘完成: inverted-00000268.seg
[2m2026-08-30T04:24:30.330653Z[0m [32m INFO[0m [2mshanshui_cunji::inverted[0m[2m:[0m 倒排刷盘完成: inverted-00000269.seg
[2m2026-08-30T04:24:30.940984Z[0m [32m INFO[0m [2mshanshui_cunji::inverted[0m[2m:[0m 倒排刷盘完成: inverted-00000270.seg
[2m2026-08-30T04:24:31.556135Z[0m [32m INFO[0m [2mshanshui_cunji::inverted[0m[2m:[0m 倒排刷盘完成: inverted-00000271.seg
[2m2026-08-30T04:24:32.184533Z[0m [32m INFO[0m [2mshanshui_cunji::inverted[0m[2m:[0m 倒排刷盘完成: inverted-00000272.seg
[2m2026-08-30T04:24:32.804925Z[0m [32m INFO[0m [2mshanshui_cunji::inverted[0m[2m:[0m 倒排刷盘完成: inverted-00000273.seg
[2m2026-08-30T04:24:35.612303Z[0m [32m INFO[0m [2mshanshui_cunji::column_family[0m[2m:[0m 列族 [primary] 刷盘完成: sst-00000011.sst (990452 条)
[2m2026-08-30T04:24:36.152040Z[0m [32m INFO[0m [2mshanshui_cunji::inverted[0m[2m:[0m 倒排刷盘完成: inverted-00000274.seg
[2m2026-08-30T04:24:36.770434Z[0m [32m INFO[0m [2mshanshui_cunji::inverted[0m[2m:[0m 倒排刷盘完成: inverted-00000275.seg
[2m2026-08-30T04:24:37.365834Z[0m [32m INFO[0m [2mshanshui_cunji::inverted[0m[2m:[0m 倒排刷盘完成: inverted-00000276.seg
[2m2026-08-30T04:24:37.969923Z[0m [32m INFO[0m [2mshanshui_cunji::inverted[0m[2m:[0m 倒排刷盘完成: inverted-00000277.seg
[2m2026-08-30T04:24:38.594230Z[0m [32m INFO[0m [2mshanshui_cunji::inverted[0m[2m:[0m 倒排刷盘完成: inverted-00000278.seg
[2m2026-08-30T04:24:39.215237Z[0m [32m INFO[0m [2mshanshui_cunji::inverted[0m[2m:[0m 倒排刷盘完成: inverted-00000279.seg
[2m2026-08-30T04:24:39.888500Z[0m [32m INFO[0m [2mshanshui_cunji::inverted[0m[2m:[0m 倒排刷盘完成: inverted-00000280.seg
[2m2026-08-30T04:24:40.505747Z[0m [32m INFO[0m [2mshanshui_cunji::inverted[0m[2m:[0m 倒排刷盘完成: inverted-00000281.seg
[2m2026-08-30T04:24:41.129659Z[0m [32m INFO[0m [2mshanshui_cunji::inverted[0m[2m:[0m 倒排刷盘完成: inverted-00000282.seg
[2m2026-08-30T04:24:41.729505Z[0m [32m INFO[0m [2mshanshui_cunji::inverted[0m[2m:[0m 倒排刷盘完成: inverted-00000283.seg
[2m2026-08-30T04:24:42.371075Z[0m [32m INFO[0m [2mshanshui_cunji::inverted[0m[2m:[0m 倒排刷盘完成: inverted-00000284.seg
[2m2026-08-30T04:24:43.045213Z[0m [32m INFO[0m [2mshanshui_cunji::inverted[0m[2m:[0m 倒排刷盘完成: inverted-00000285.seg
[2m2026-08-30T04:24:43.668811Z[0m [32m INFO[0m [2mshanshui_cunji::inverted[0m[2m:[0m 倒排刷盘完成: inverted-00000286.seg
[2m2026-08-30T04:24:44.364630Z[0m [32m INFO[0m [2mshanshui_cunji::inverted[0m[2m:[0m 倒排刷盘完成: inverted-00000287.seg
[2m2026-08-30T04:24:44.983588Z[0m [32m INFO[0m [2mshanshui_cunji::inverted[0m[2m:[0m 倒排刷盘完成: inverted-00000288.seg
[2m2026-08-30T04:24:45.633661Z[0m [32m INFO[0m [2mshanshui_cunji::inverted[0m[2m:[0m 倒排刷盘完成: inverted-00000289.seg
[2m2026-08-30T04:24:46.374193Z[0m [32m INFO[0m [2mshanshui_cunji::inverted[0m[2m:[0m 倒排刷盘完成: inverted-00000290.seg
[2m2026-08-30T04:24:47.189814Z[0m [32m INFO[0m [2mshanshui_cunji::inverted[0m[2m:[0m 倒排刷盘完成: inverted-00000291.seg
[2m2026-08-30T04:24:47.980568Z[0m [32m INFO[0m [2mshanshui_cunji::inverted[0m[2m:[0m 倒排刷盘完成: inverted-00000292.seg
[2m2026-08-30T04:24:48.608864Z[0m [32m INFO[0m [2mshanshui_cunji::inverted[0m[2m:[0m 倒排刷盘完成: inverted-00000293.seg
[2m2026-08-30T04:24:49.227825Z[0m [32m INFO[0m [2mshanshui_cunji::inverted[0m[2m:[0m 倒排刷盘完成: inverted-00000294.seg
[2m2026-08-30T04:24:49.838956Z[0m [32m INFO[0m [2mshanshui_cunji::inverted[0m[2m:[0m 倒排刷盘完成: inverted-00000295.seg
[2m2026-08-30T04:24:50.449108Z[0m [32m INFO[0m [2mshanshui_cunji::inverted[0m[2m:[0m 倒排刷盘完成: inverted-00000296.seg
[2m2026-08-30T04:24:51.053198Z[0m [32m INFO[0m [2mshanshui_cunji::inverted[0m[2m:[0m 倒排刷盘完成: inverted-00000297.seg
[2m2026-08-30T04:24:54.132800Z[0m [32m INFO[0m [2mshanshui_cunji::column_family[0m[2m:[0m 列族 [primary] 刷盘完成: sst-00000012.sst (990452 条)
[2m2026-08-30T04:24:54.347601Z[0m [32m INFO[0m [2mshanshui_cunji::inverted[0m[2m:[0m 倒排刷盘完成: inverted-00000298.seg
[2m2026-08-30T04:24:54.967532Z[0m [32m INFO[0m [2mshanshui_cunji::inverted[0m[2m:[0m 倒排刷盘完成: inverted-00000299.seg
[2m2026-08-30T04:24:55.598722Z[0m [32m INFO[0m [2mshanshui_cunji::inverted[0m[2m:[0m 倒排刷盘完成: inverted-00000300.seg
[2m2026-08-30T04:24:56.258758Z[0m [32m INFO[0m [2mshanshui_cunji::inverted[0m[2m:[0m 倒排刷盘完成: inverted-00000301.seg
[2m2026-08-30T04:24:56.854536Z[0m [32m INFO[0m [2mshanshui_cunji::inverted[0m[2m:[0m 倒排刷盘完成: inverted-00000302.seg
[2m2026-08-30T04:24:57.478087Z[0m [32m INFO[0m [2mshanshui_cunji::inverted[0m[2m:[0m 倒排刷盘完成: inverted-00000303.seg
[2m2026-08-30T04:24:58.086432Z[0m [32m INFO[0m [2mshanshui_cunji::inverted[0m[2m:[0m 倒排刷盘完成: inverted-00000304.seg
[2m2026-08-30T04:24:58.676781Z[0m [32m INFO[0m [2mshanshui_cunji::inverted[0m[2m:[0m 倒排刷盘完成: inverted-00000305.seg
[2m2026-08-30T04:24:59.297406Z[0m [32m INFO[0m [2mshanshui_cunji::inverted[0m[2m:[0m 倒排刷盘完成: inverted-00000306.seg
[2m2026-08-30T04:24:59.892201Z[0m [32m INFO[0m [2mshanshui_cunji::inverted[0m[2m:[0m 倒排刷盘完成: inverted-00000307.seg
[2m2026-08-30T04:25:00.502865Z[0m [32m INFO[0m [2mshanshui_cunji::inverted[0m[2m:[0m 倒排刷盘完成: inverted-00000308.seg
[2m2026-08-30T04:25:01.111521Z[0m [32m INFO[0m [2mshanshui_cunji::inverted[0m[2m:[0m 倒排刷盘完成: inverted-00000309.seg
[2m2026-08-30T04:25:01.725865Z[0m [32m INFO[0m [2mshanshui_cunji::inverted[0m[2m:[0m 倒排刷盘完成: inverted-00000310.seg
[2m2026-08-30T04:25:02.363411Z[0m [32m INFO[0m [2mshanshui_cunji::inverted[0m[2m:[0m 倒排刷盘完成: inverted-00000311.seg
[2m2026-08-30T04:25:03.033134Z[0m [32m INFO[0m [2mshanshui_cunji::inverted[0m[2m:[0m 倒排刷盘完成: inverted-00000312.seg
[2m2026-08-30T04:25:03.662300Z[0m [32m INFO[0m [2mshanshui_cunji::inverted[0m[2m:[0m 倒排刷盘完成: inverted-00000313.seg
[2m2026-08-30T04:25:04.301512Z[0m [32m INFO[0m [2mshanshui_cunji::inverted[0m[2m:[0m 倒排刷盘完成: inverted-00000314.seg
[2m2026-08-30T04:25:04.926703Z[0m [32m INFO[0m [2mshanshui_cunji::inverted[0m[2m:[0m 倒排刷盘完成: inverted-00000315.seg
[2m2026-08-30T04:25:05.535292Z[0m [32m INFO[0m [2mshanshui_cunji::inverted[0m[2m:[0m 倒排刷盘完成: inverted-00000316.seg
[2m2026-08-30T04:25:06.167662Z[0m [32m INFO[0m [2mshanshui_cunji::inverted[0m[2m:[0m 倒排刷盘完成: inverted-00000317.seg
[2m2026-08-30T04:25:06.799263Z[0m [32m INFO[0m [2mshanshui_cunji::inverted[0m[2m:[0m 倒排刷盘完成: inverted-00000318.seg
[2m2026-08-30T04:25:07.421373Z[0m [32m INFO[0m [2mshanshui_cunji::inverted[0m[2m:[0m 倒排刷盘完成: inverted-00000319.seg
[2m2026-08-30T04:25:08.039170Z[0m [32m INFO[0m [2mshanshui_cunji::inverted[0m[2m:[0m 倒排刷盘完成: inverted-00000320.seg
[2m2026-08-30T04:25:08.647572Z[0m [32m INFO[0m [2mshanshui_cunji::inverted[0m[2m:[0m 倒排刷盘完成: inverted-00000321.seg
[2m2026-08-30T04:25:09.266815Z[0m [32m INFO[0m [2mshanshui_cunji::inverted[0m[2m:[0m 倒排刷盘完成: inverted-00000322.seg
[2m2026-08-30T04:25:12.164713Z[0m [32m INFO[0m [2mshanshui_cunji::column_family[0m[2m:[0m 列族 [primary] 刷盘完成: sst-00000013.sst (990452 条)
[2m2026-08-30T04:25:12.636081Z[0m [32m INFO[0m [2mshanshui_cunji::inverted[0m[2m:[0m 倒排刷盘完成: inverted-00000323.seg
[2m2026-08-30T04:25:13.286421Z[0m [32m INFO[0m [2mshanshui_cunji::inverted[0m[2m:[0m 倒排刷盘完成: inverted-00000324.seg
[2m2026-08-30T04:25:13.912809Z[0m [32m INFO[0m [2mshanshui_cunji::inverted[0m[2m:[0m 倒排刷盘完成: inverted-00000325.seg
[2m2026-08-30T04:25:14.548266Z[0m [32m INFO[0m [2mshanshui_cunji::inverted[0m[2m:[0m 倒排刷盘完成: inverted-00000326.seg
[2m2026-08-30T04:25:15.169692Z[0m [32m INFO[0m [2mshanshui_cunji::inverted[0m[2m:[0m 倒排刷盘完成: inverted-00000327.seg
[2m2026-08-30T04:25:15.784183Z[0m [32m INFO[0m [2mshanshui_cunji::inverted[0m[2m:[0m 倒排刷盘完成: inverted-00000328.seg
[2m2026-08-30T04:25:16.406210Z[0m [32m INFO[0m [2mshanshui_cunji::inverted[0m[2m:[0m 倒排刷盘完成: inverted-00000329.seg
[2m2026-08-30T04:25:17.033096Z[0m [32m INFO[0m [2mshanshui_cunji::inverted[0m[2m:[0m 倒排刷盘完成: inverted-00000330.seg
[2m2026-08-30T04:25:17.636259Z[0m [32m INFO[0m [2mshanshui_cunji::inverted[0m[2m:[0m 倒排刷盘完成: inverted-00000331.seg
[2m2026-08-30T04:25:18.267667Z[0m [32m INFO[0m [2mshanshui_cunji::inverted[0m[2m:[0m 倒排刷盘完成: inverted-00000332.seg
[2m2026-08-30T04:25:18.896534Z[0m [32m INFO[0m [2mshanshui_cunji::inverted[0m[2m:[0m 倒排刷盘完成: inverted-00000333.seg
[2m2026-08-30T04:25:19.499593Z[0m [32m INFO[0m [2mshanshui_cunji::inverted[0m[2m:[0m 倒排刷盘完成: inverted-00000334.seg
[2m2026-08-30T04:25:20.118781Z[0m [32m INFO[0m [2mshanshui_cunji::inverted[0m[2m:[0m 倒排刷盘完成: inverted-00000335.seg
[2m2026-08-30T04:25:20.744693Z[0m [32m INFO[0m [2mshanshui_cunji::inverted[0m[2m:[0m 倒排刷盘完成: inverted-00000336.seg
[2m2026-08-30T04:25:21.395947Z[0m [32m INFO[0m [2mshanshui_cunji::inverted[0m[2m:[0m 倒排刷盘完成: inverted-00000337.seg
[2m2026-08-30T04:25:22.058303Z[0m [32m INFO[0m [2mshanshui_cunji::inverted[0m[2m:[0m 倒排刷盘完成: inverted-00000338.seg
[2m2026-08-30T04:25:22.717556Z[0m [32m INFO[0m [2mshanshui_cunji::inverted[0m[2m:[0m 倒排刷盘完成: inverted-00000339.seg
[2m2026-08-30T04:25:23.398926Z[0m [32m INFO[0m [2mshanshui_cunji::inverted[0m[2m:[0m 倒排刷盘完成: inverted-00000340.seg
[2m2026-08-30T04:25:24.111413Z[0m [32m INFO[0m [2mshanshui_cunji::inverted[0m[2m:[0m 倒排刷盘完成: inverted-00000341.seg
[2m2026-08-30T04:25:24.771774Z[0m [32m INFO[0m [2mshanshui_cunji::inverted[0m[2m:[0m 倒排刷盘完成: inverted-00000342.seg
[2m2026-08-30T04:25:25.432219Z[0m [32m INFO[0m [2mshanshui_cunji::inverted[0m[2m:[0m 倒排刷盘完成: inverted-00000343.seg
[2m2026-08-30T04:25:26.088643Z[0m [32m INFO[0m [2mshanshui_cunji::inverted[0m[2m:[0m 倒排刷盘完成: inverted-00000344.seg
[2m2026-08-30T04:25:26.742829Z[0m [32m INFO[0m [2mshanshui_cunji::inverted[0m[2m:[0m 倒排刷盘完成: inverted-00000345.seg
[2m2026-08-30T04:25:27.410098Z[0m [32m INFO[0m [2mshanshui_cunji::inverted[0m[2m:[0m 倒排刷盘完成: inverted-00000346.seg
[2m2026-08-30T04:25:30.689874Z[0m [32m INFO[0m [2mshanshui_cunji::column_family[0m[2m:[0m 列族 [primary] 刷盘完成: sst-00000014.sst (990452 条)
[2m2026-08-30T04:25:30.838289Z[0m [32m INFO[0m [2mshanshui_cunji::inverted[0m[2m:[0m 倒排刷盘完成: inverted-00000347.seg
[2m2026-08-30T04:25:31.519284Z[0m [32m INFO[0m [2mshanshui_cunji::inverted[0m[2m:[0m 倒排刷盘完成: inverted-00000348.seg
[2m2026-08-30T04:25:32.190528Z[0m [32m INFO[0m [2mshanshui_cunji::inverted[0m[2m:[0m 倒排刷盘完成: inverted-00000349.seg
[2m2026-08-30T04:25:32.854620Z[0m [32m INFO[0m [2mshanshui_cunji::inverted[0m[2m:[0m 倒排刷盘完成: inverted-00000350.seg
[2m2026-08-30T04:25:33.513676Z[0m [32m INFO[0m [2mshanshui_cunji::inverted[0m[2m:[0m 倒排刷盘完成: inverted-00000351.seg
[2m2026-08-30T04:25:34.171776Z[0m [32m INFO[0m [2mshanshui_cunji::inverted[0m[2m:[0m 倒排刷盘完成: inverted-00000352.seg
[2m2026-08-30T04:25:34.822938Z[0m [32m INFO[0m [2mshanshui_cunji::inverted[0m[2m:[0m 倒排刷盘完成: inverted-00000353.seg
[2m2026-08-30T04:25:35.481796Z[0m [32m INFO[0m [2mshanshui_cunji::inverted[0m[2m:[0m 倒排刷盘完成: inverted-00000354.seg
[2m2026-08-30T04:25:36.135481Z[0m [32m INFO[0m [2mshanshui_cunji::inverted[0m[2m:[0m 倒排刷盘完成: inverted-00000355.seg
[2m2026-08-30T04:25:36.791419Z[0m [32m INFO[0m [2mshanshui_cunji::inverted[0m[2m:[0m 倒排刷盘完成: inverted-00000356.seg
[2m2026-08-30T04:25:37.444068Z[0m [32m INFO[0m [2mshanshui_cunji::inverted[0m[2m:[0m 倒排刷盘完成: inverted-00000357.seg
[2m2026-08-30T04:25:38.101041Z[0m [32m INFO[0m [2mshanshui_cunji::inverted[0m[2m:[0m 倒排刷盘完成: inverted-00000358.seg
[2m2026-08-30T04:25:38.756420Z[0m [32m INFO[0m [2mshanshui_cunji::inverted[0m[2m:[0m 倒排刷盘完成: inverted-00000359.seg
[2m2026-08-30T04:25:39.406663Z[0m [32m INFO[0m [2mshanshui_cunji::inverted[0m[2m:[0m 倒排刷盘完成: inverted-00000360.seg
[2m2026-08-30T04:25:40.057924Z[0m [32m INFO[0m [2mshanshui_cunji::inverted[0m[2m:[0m 倒排刷盘完成: inverted-00000361.seg
[2m2026-08-30T04:25:40.714004Z[0m [32m INFO[0m [2mshanshui_cunji::inverted[0m[2m:[0m 倒排刷盘完成: inverted-00000362.seg
[2m2026-08-30T04:25:41.366051Z[0m [32m INFO[0m [2mshanshui_cunji::inverted[0m[2m:[0m 倒排刷盘完成: inverted-00000363.seg
[2m2026-08-30T04:25:42.015229Z[0m [32m INFO[0m [2mshanshui_cunji::inverted[0m[2m:[0m 倒排刷盘完成: inverted-00000364.seg
[2m2026-08-30T04:25:42.682489Z[0m [32m INFO[0m [2mshanshui_cunji::inverted[0m[2m:[0m 倒排刷盘完成: inverted-00000365.seg
[2m2026-08-30T04:25:43.339266Z[0m [32m INFO[0m [2mshanshui_cunji::inverted[0m[2m:[0m 倒排刷盘完成: inverted-00000366.seg
[2m2026-08-30T04:25:44.013078Z[0m [32m INFO[0m [2mshanshui_cunji::inverted[0m[2m:[0m 倒排刷盘完成: inverted-00000367.seg
[2m2026-08-30T04:25:44.677049Z[0m [32m INFO[0m [2mshanshui_cunji::inverted[0m[2m:[0m 倒排刷盘完成: inverted-00000368.seg
[2m2026-08-30T04:25:45.332904Z[0m [32m INFO[0m [2mshanshui_cunji::inverted[0m[2m:[0m 倒排刷盘完成: inverted-00000369.seg
[2m2026-08-30T04:25:45.991621Z[0m [32m INFO[0m [2mshanshui_cunji::inverted[0m[2m:[0m 倒排刷盘完成: inverted-00000370.seg
[2m2026-08-30T04:25:46.650113Z[0m [32m INFO[0m [2mshanshui_cunji::inverted[0m[2m:[0m 倒排刷盘完成: inverted-00000371.seg
[2m2026-08-30T04:25:49.605836Z[0m [32m INFO[0m [2mshanshui_cunji::column_family[0m[2m:[0m 列族 [primary] 刷盘完成: sst-00000015.sst (990452 条)
[2m2026-08-30T04:25:50.018477Z[0m [32m INFO[0m [2mshanshui_cunji::inverted[0m[2m:[0m 倒排刷盘完成: inverted-00000372.seg
[2m2026-08-30T04:25:50.691379Z[0m [32m INFO[0m [2mshanshui_cunji::inverted[0m[2m:[0m 倒排刷盘完成: inverted-00000373.seg
[2m2026-08-30T04:25:51.355159Z[0m [32m INFO[0m [2mshanshui_cunji::inverted[0m[2m:[0m 倒排刷盘完成: inverted-00000374.seg
[2m2026-08-30T04:25:52.013895Z[0m [32m INFO[0m [2mshanshui_cunji::inverted[0m[2m:[0m 倒排刷盘完成: inverted-00000375.seg
[2m2026-08-30T04:25:52.671596Z[0m [32m INFO[0m [2mshanshui_cunji::inverted[0m[2m:[0m 倒排刷盘完成: inverted-00000376.seg
[2m2026-08-30T04:25:53.330532Z[0m [32m INFO[0m [2mshanshui_cunji::inverted[0m[2m:[0m 倒排刷盘完成: inverted-00000377.seg
[2m2026-08-30T04:25:53.987252Z[0m [32m INFO[0m [2mshanshui_cunji::inverted[0m[2m:[0m 倒排刷盘完成: inverted-00000378.seg
[2m2026-08-30T04:25:54.639584Z[0m [32m INFO[0m [2mshanshui_cunji::inverted[0m[2m:[0m 倒排刷盘完成: inverted-00000379.seg
[2m2026-08-30T04:25:55.286056Z[0m [32m INFO[0m [2mshanshui_cunji::inverted[0m[2m:[0m 倒排刷盘完成: inverted-00000380.seg
[2m2026-08-30T04:25:55.935271Z[0m [32m INFO[0m [2mshanshui_cunji::inverted[0m[2m:[0m 倒排刷盘完成: inverted-00000381.seg
[2m2026-08-30T04:25:56.589551Z[0m [32m INFO[0m [2mshanshui_cunji::inverted[0m[2m:[0m 倒排刷盘完成: inverted-00000382.seg
[2m2026-08-30T04:25:57.234172Z[0m [32m INFO[0m [2mshanshui_cunji::inverted[0m[2m:[0m 倒排刷盘完成: inverted-00000383.seg
[2m2026-08-30T04:25:57.886022Z[0m [32m INFO[0m [2mshanshui_cunji::inverted[0m[2m:[0m 倒排刷盘完成: inverted-00000384.seg
[2m2026-08-30T04:25:58.533134Z[0m [32m INFO[0m [2mshanshui_cunji::inverted[0m[2m:[0m 倒排刷盘完成: inverted-00000385.seg
[2m2026-08-30T04:25:59.182827Z[0m [32m INFO[0m [2mshanshui_cunji::inverted[0m[2m:[0m 倒排刷盘完成: inverted-00000386.seg
[2m2026-08-30T04:25:59.841690Z[0m [32m INFO[0m [2mshanshui_cunji::inverted[0m[2m:[0m 倒排刷盘完成: inverted-00000387.seg
[2m2026-08-30T04:26:00.493219Z[0m [32m INFO[0m [2mshanshui_cunji::inverted[0m[2m:[0m 倒排刷盘完成: inverted-00000388.seg
[2m2026-08-30T04:26:01.139272Z[0m [32m INFO[0m [2mshanshui_cunji::inverted[0m[2m:[0m 倒排刷盘完成: inverted-00000389.seg
[2m2026-08-30T04:26:01.794801Z[0m [32m INFO[0m [2mshanshui_cunji::inverted[0m[2m:[0m 倒排刷盘完成: inverted-00000390.seg
[2m2026-08-30T04:26:02.440393Z[0m [32m INFO[0m [2mshanshui_cunji::inverted[0m[2m:[0m 倒排刷盘完成: inverted-00000391.seg
[2m2026-08-30T04:26:03.095837Z[0m [32m INFO[0m [2mshanshui_cunji::inverted[0m[2m:[0m 倒排刷盘完成: inverted-00000392.seg
[2m2026-08-30T04:26:03.752602Z[0m [32m INFO[0m [2mshanshui_cunji::inverted[0m[2m:[0m 倒排刷盘完成: inverted-00000393.seg
[2m2026-08-30T04:26:04.401142Z[0m [32m INFO[0m [2mshanshui_cunji::inverted[0m[2m:[0m 倒排刷盘完成: inverted-00000394.seg
[2m2026-08-30T04:26:05.062123Z[0m [32m INFO[0m [2mshanshui_cunji::inverted[0m[2m:[0m 倒排刷盘完成: inverted-00000395.seg
[2m2026-08-30T04:26:05.710342Z[0m [32m INFO[0m [2mshanshui_cunji::inverted[0m[2m:[0m 倒排刷盘完成: inverted-00000396.seg
[2m2026-08-30T04:26:08.353806Z[0m [32m INFO[0m [2mshanshui_cunji::column_family[0m[2m:[0m 列族 [primary] 刷盘完成: sst-00000016.sst (990452 条)
[2m2026-08-30T04:26:09.032996Z[0m [32m INFO[0m [2mshanshui_cunji::inverted[0m[2m:[0m 倒排刷盘完成: inverted-00000397.seg
[2m2026-08-30T04:26:09.710938Z[0m [32m INFO[0m [2mshanshui_cunji::inverted[0m[2m:[0m 倒排刷盘完成: inverted-00000398.seg
[2m2026-08-30T04:26:10.371720Z[0m [32m INFO[0m [2mshanshui_cunji::inverted[0m[2m:[0m 倒排刷盘完成: inverted-00000399.seg
[2m2026-08-30T04:26:11.031216Z[0m [32m INFO[0m [2mshanshui_cunji::inverted[0m[2m:[0m 倒排刷盘完成: inverted-00000400.seg
[2m2026-08-30T04:26:11.714478Z[0m [32m INFO[0m [2mshanshui_cunji::inverted[0m[2m:[0m 倒排刷盘完成: inverted-00000401.seg
[2m2026-08-30T04:26:12.370145Z[0m [32m INFO[0m [2mshanshui_cunji::inverted[0m[2m:[0m 倒排刷盘完成: inverted-00000402.seg
[2m2026-08-30T04:26:13.021217Z[0m [32m INFO[0m [2mshanshui_cunji::inverted[0m[2m:[0m 倒排刷盘完成: inverted-00000403.seg
[2m2026-08-30T04:26:13.677655Z[0m [32m INFO[0m [2mshanshui_cunji::inverted[0m[2m:[0m 倒排刷盘完成: inverted-00000404.seg
[2m2026-08-30T04:26:14.336927Z[0m [32m INFO[0m [2mshanshui_cunji::inverted[0m[2m:[0m 倒排刷盘完成: inverted-00000405.seg
[2m2026-08-30T04:26:14.983355Z[0m [32m INFO[0m [2mshanshui_cunji::inverted[0m[2m:[0m 倒排刷盘完成: inverted-00000406.seg
[2m2026-08-30T04:26:15.645381Z[0m [32m INFO[0m [2mshanshui_cunji::inverted[0m[2m:[0m 倒排刷盘完成: inverted-00000407.seg
[2m2026-08-30T04:26:16.294702Z[0m [32m INFO[0m [2mshanshui_cunji::inverted[0m[2m:[0m 倒排刷盘完成: inverted-00000408.seg
[2m2026-08-30T04:26:16.948018Z[0m [32m INFO[0m [2mshanshui_cunji::inverted[0m[2m:[0m 倒排刷盘完成: inverted-00000409.seg
[2m2026-08-30T04:26:17.601857Z[0m [32m INFO[0m [2mshanshui_cunji::inverted[0m[2m:[0m 倒排刷盘完成: inverted-00000410.seg
[2m2026-08-30T04:26:18.251862Z[0m [32m INFO[0m [2mshanshui_cunji::inverted[0m[2m:[0m 倒排刷盘完成: inverted-00000411.seg
[2m2026-08-30T04:26:18.907733Z[0m [32m INFO[0m [2mshanshui_cunji::inverted[0m[2m:[0m 倒排刷盘完成: inverted-00000412.seg
[2m2026-08-30T04:26:19.563449Z[0m [32m INFO[0m [2mshanshui_cunji::inverted[0m[2m:[0m 倒排刷盘完成: inverted-00000413.seg
[2m2026-08-30T04:26:20.221064Z[0m [32m INFO[0m [2mshanshui_cunji::inverted[0m[2m:[0m 倒排刷盘完成: inverted-00000414.seg
[2m2026-08-30T04:26:20.879675Z[0m [32m INFO[0m [2mshanshui_cunji::inverted[0m[2m:[0m 倒排刷盘完成: inverted-00000415.seg
[2m2026-08-30T04:26:21.533867Z[0m [32m INFO[0m [2mshanshui_cunji::inverted[0m[2m:[0m 倒排刷盘完成: inverted-00000416.seg
[2m2026-08-30T04:26:22.182575Z[0m [32m INFO[0m [2mshanshui_cunji::inverted[0m[2m:[0m 倒排刷盘完成: inverted-00000417.seg
[2m2026-08-30T04:26:22.837915Z[0m [32m INFO[0m [2mshanshui_cunji::inverted[0m[2m:[0m 倒排刷盘完成: inverted-00000418.seg
[2m2026-08-30T04:26:23.506934Z[0m [32m INFO[0m [2mshanshui_cunji::inverted[0m[2m:[0m 倒排刷盘完成: inverted-00000419.seg
[2m2026-08-30T04:26:24.250272Z[0m [32m INFO[0m [2mshanshui_cunji::inverted[0m[2m:[0m 倒排刷盘完成: inverted-00000420.seg
[2m2026-08-30T04:26:27.354540Z[0m [32m INFO[0m [2mshanshui_cunji::column_family[0m[2m:[0m 列族 [primary] 刷盘完成: sst-00000017.sst (990452 条)
[2m2026-08-30T04:26:27.730820Z[0m [32m INFO[0m [2mshanshui_cunji::inverted[0m[2m:[0m 倒排刷盘完成: inverted-00000421.seg
[2m2026-08-30T04:26:28.537399Z[0m [32m INFO[0m [2mshanshui_cunji::inverted[0m[2m:[0m 倒排刷盘完成: inverted-00000422.seg
[2m2026-08-30T04:26:29.417294Z[0m [32m INFO[0m [2mshanshui_cunji::inverted[0m[2m:[0m 倒排刷盘完成: inverted-00000423.seg
[2m2026-08-30T04:26:30.435823Z[0m [32m INFO[0m [2mshanshui_cunji::inverted[0m[2m:[0m 倒排刷盘完成: inverted-00000424.seg
[2m2026-08-30T04:26:31.582714Z[0m [32m INFO[0m [2mshanshui_cunji::inverted[0m[2m:[0m 倒排刷盘完成: inverted-00000425.seg
[2m2026-08-30T04:26:32.257626Z[0m [32m INFO[0m [2mshanshui_cunji::inverted[0m[2m:[0m 倒排刷盘完成: inverted-00000426.seg
[2m2026-08-30T04:26:32.925329Z[0m [32m INFO[0m [2mshanshui_cunji::inverted[0m[2m:[0m 倒排刷盘完成: inverted-00000427.seg
[2m2026-08-30T04:26:33.589476Z[0m [32m INFO[0m [2mshanshui_cunji::inverted[0m[2m:[0m 倒排刷盘完成: inverted-00000428.seg
[2m2026-08-30T04:26:34.345029Z[0m [32m INFO[0m [2mshanshui_cunji::inverted[0m[2m:[0m 倒排刷盘完成: inverted-00000429.seg
[2m2026-08-30T04:26:35.014400Z[0m [32m INFO[0m [2mshanshui_cunji::inverted[0m[2m:[0m 倒排刷盘完成: inverted-00000430.seg
[2m2026-08-30T04:26:35.678332Z[0m [32m INFO[0m [2mshanshui_cunji::inverted[0m[2m:[0m 倒排刷盘完成: inverted-00000431.seg
[2m2026-08-30T04:26:36.339961Z[0m [32m INFO[0m [2mshanshui_cunji::inverted[0m[2m:[0m 倒排刷盘完成: inverted-00000432.seg
[2m2026-08-30T04:26:37.016972Z[0m [32m INFO[0m [2mshanshui_cunji::inverted[0m[2m:[0m 倒排刷盘完成: inverted-00000433.seg
[2m2026-08-30T04:26:37.668044Z[0m [32m INFO[0m [2mshanshui_cunji::inverted[0m[2m:[0m 倒排刷盘完成: inverted-00000434.seg
[2m2026-08-30T04:26:38.320100Z[0m [32m INFO[0m [2mshanshui_cunji::inverted[0m[2m:[0m 倒排刷盘完成: inverted-00000435.seg
[2m2026-08-30T04:26:38.977744Z[0m [32m INFO[0m [2mshanshui_cunji::inverted[0m[2m:[0m 倒排刷盘完成: inverted-00000436.seg
[2m2026-08-30T04:26:39.630727Z[0m [32m INFO[0m [2mshanshui_cunji::inverted[0m[2m:[0m 倒排刷盘完成: inverted-00000437.seg
[2m2026-08-30T04:26:40.311885Z[0m [32m INFO[0m [2mshanshui_cunji::inverted[0m[2m:[0m 倒排刷盘完成: inverted-00000438.seg
[2m2026-08-30T04:26:41.049797Z[0m [32m INFO[0m [2mshanshui_cunji::inverted[0m[2m:[0m 倒排刷盘完成: inverted-00000439.seg
[2m2026-08-30T04:26:41.708308Z[0m [32m INFO[0m [2mshanshui_cunji::inverted[0m[2m:[0m 倒排刷盘完成: inverted-00000440.seg
[2m2026-08-30T04:26:42.390860Z[0m [32m INFO[0m [2mshanshui_cunji::inverted[0m[2m:[0m 倒排刷盘完成: inverted-00000441.seg
[2m2026-08-30T04:26:43.058989Z[0m [32m INFO[0m [2mshanshui_cunji::inverted[0m[2m:[0m 倒排刷盘完成: inverted-00000442.seg
[2m2026-08-30T04:26:43.726731Z[0m [32m INFO[0m [2mshanshui_cunji::inverted[0m[2m:[0m 倒排刷盘完成: inverted-00000443.seg
[2m2026-08-30T04:26:44.388530Z[0m [32m INFO[0m [2mshanshui_cunji::inverted[0m[2m:[0m 倒排刷盘完成: inverted-00000444.seg
[2m2026-08-30T04:26:45.048362Z[0m [32m INFO[0m [2mshanshui_cunji::inverted[0m[2m:[0m 倒排刷盘完成: inverted-00000445.seg
[2m2026-08-30T04:26:47.793260Z[0m [32m INFO[0m [2mshanshui_cunji::column_family[0m[2m:[0m 列族 [primary] 刷盘完成: sst-00000018.sst (990452 条)
[2m2026-08-30T04:26:48.406439Z[0m [32m INFO[0m [2mshanshui_cunji::inverted[0m[2m:[0m 倒排刷盘完成: inverted-00000446.seg
[2m2026-08-30T04:26:49.096431Z[0m [32m INFO[0m [2mshanshui_cunji::inverted[0m[2m:[0m 倒排刷盘完成: inverted-00000447.seg
[2m2026-08-30T04:26:49.755396Z[0m [32m INFO[0m [2mshanshui_cunji::inverted[0m[2m:[0m 倒排刷盘完成: inverted-00000448.seg
[2m2026-08-30T04:26:50.426727Z[0m [32m INFO[0m [2mshanshui_cunji::inverted[0m[2m:[0m 倒排刷盘完成: inverted-00000449.seg
[2m2026-08-30T04:26:51.092656Z[0m [32m INFO[0m [2mshanshui_cunji::inverted[0m[2m:[0m 倒排刷盘完成: inverted-00000450.seg
[2m2026-08-30T04:26:51.764499Z[0m [32m INFO[0m [2mshanshui_cunji::inverted[0m[2m:[0m 倒排刷盘完成: inverted-00000451.seg
[2m2026-08-30T04:26:52.474835Z[0m [32m INFO[0m [2mshanshui_cunji::inverted[0m[2m:[0m 倒排刷盘完成: inverted-00000452.seg
[2m2026-08-30T04:26:53.147530Z[0m [32m INFO[0m [2mshanshui_cunji::inverted[0m[2m:[0m 倒排刷盘完成: inverted-00000453.seg
[2m2026-08-30T04:26:53.813646Z[0m [32m INFO[0m [2mshanshui_cunji::inverted[0m[2m:[0m 倒排刷盘完成: inverted-00000454.seg
[2m2026-08-30T04:26:54.467944Z[0m [32m INFO[0m [2mshanshui_cunji::inverted[0m[2m:[0m 倒排刷盘完成: inverted-00000455.seg
[2m2026-08-30T04:26:55.129984Z[0m [32m INFO[0m [2mshanshui_cunji::inverted[0m[2m:[0m 倒排刷盘完成: inverted-00000456.seg
[2m2026-08-30T04:26:55.791864Z[0m [32m INFO[0m [2mshanshui_cunji::inverted[0m[2m:[0m 倒排刷盘完成: inverted-00000457.seg
[2m2026-08-30T04:26:56.448925Z[0m [32m INFO[0m [2mshanshui_cunji::inverted[0m[2m:[0m 倒排刷盘完成: inverted-00000458.seg
[2m2026-08-30T04:26:57.117026Z[0m [32m INFO[0m [2mshanshui_cunji::inverted[0m[2m:[0m 倒排刷盘完成: inverted-00000459.seg
[2m2026-08-30T04:26:57.772679Z[0m [32m INFO[0m [2mshanshui_cunji::inverted[0m[2m:[0m 倒排刷盘完成: inverted-00000460.seg
[2m2026-08-30T04:26:58.435932Z[0m [32m INFO[0m [2mshanshui_cunji::inverted[0m[2m:[0m 倒排刷盘完成: inverted-00000461.seg
[2m2026-08-30T04:26:59.100743Z[0m [32m INFO[0m [2mshanshui_cunji::inverted[0m[2m:[0m 倒排刷盘完成: inverted-00000462.seg
[2m2026-08-30T04:26:59.773280Z[0m [32m INFO[0m [2mshanshui_cunji::inverted[0m[2m:[0m 倒排刷盘完成: inverted-00000463.seg
[2m2026-08-30T04:27:00.432698Z[0m [32m INFO[0m [2mshanshui_cunji::inverted[0m[2m:[0m 倒排刷盘完成: inverted-00000464.seg
[2m2026-08-30T04:27:01.099132Z[0m [32m INFO[0m [2mshanshui_cunji::inverted[0m[2m:[0m 倒排刷盘完成: inverted-00000465.seg
[2m2026-08-30T04:27:01.811752Z[0m [32m INFO[0m [2mshanshui_cunji::inverted[0m[2m:[0m 倒排刷盘完成: inverted-00000466.seg
[2m2026-08-30T04:27:02.606481Z[0m [32m INFO[0m [2mshanshui_cunji::inverted[0m[2m:[0m 倒排刷盘完成: inverted-00000467.seg
[2m2026-08-30T04:27:03.278649Z[0m [32m INFO[0m [2mshanshui_cunji::inverted[0m[2m:[0m 倒排刷盘完成: inverted-00000468.seg
[2m2026-08-30T04:27:03.941007Z[0m [32m INFO[0m [2mshanshui_cunji::inverted[0m[2m:[0m 倒排刷盘完成: inverted-00000469.seg
[2m2026-08-30T04:27:07.060789Z[0m [32m INFO[0m [2mshanshui_cunji::column_family[0m[2m:[0m 列族 [primary] 刷盘完成: sst-00000019.sst (990452 条)
[2m2026-08-30T04:27:07.329195Z[0m [32m INFO[0m [2mshanshui_cunji::inverted[0m[2m:[0m 倒排刷盘完成: inverted-00000470.seg
[2m2026-08-30T04:27:08.003565Z[0m [32m INFO[0m [2mshanshui_cunji::inverted[0m[2m:[0m 倒排刷盘完成: inverted-00000471.seg
[2m2026-08-30T04:27:08.690570Z[0m [32m INFO[0m [2mshanshui_cunji::inverted[0m[2m:[0m 倒排刷盘完成: inverted-00000472.seg
[2m2026-08-30T04:27:09.359910Z[0m [32m INFO[0m [2mshanshui_cunji::inverted[0m[2m:[0m 倒排刷盘完成: inverted-00000473.seg
[2m2026-08-30T04:27:10.024742Z[0m [32m INFO[0m [2mshanshui_cunji::inverted[0m[2m:[0m 倒排刷盘完成: inverted-00000474.seg
[2m2026-08-30T04:27:10.684600Z[0m [32m INFO[0m [2mshanshui_cunji::inverted[0m[2m:[0m 倒排刷盘完成: inverted-00000475.seg
[2m2026-08-30T04:27:11.347540Z[0m [32m INFO[0m [2mshanshui_cunji::inverted[0m[2m:[0m 倒排刷盘完成: inverted-00000476.seg
[2m2026-08-30T04:27:12.011588Z[0m [32m INFO[0m [2mshanshui_cunji::inverted[0m[2m:[0m 倒排刷盘完成: inverted-00000477.seg
[2m2026-08-30T04:27:12.679529Z[0m [32m INFO[0m [2mshanshui_cunji::inverted[0m[2m:[0m 倒排刷盘完成: inverted-00000478.seg
[2m2026-08-30T04:27:13.345846Z[0m [32m INFO[0m [2mshanshui_cunji::inverted[0m[2m:[0m 倒排刷盘完成: inverted-00000479.seg
[2m2026-08-30T04:27:14.059286Z[0m [32m INFO[0m [2mshanshui_cunji::inverted[0m[2m:[0m 倒排刷盘完成: inverted-00000480.seg
[2m2026-08-30T04:27:14.721186Z[0m [32m INFO[0m [2mshanshui_cunji::inverted[0m[2m:[0m 倒排刷盘完成: inverted-00000481.seg
[2m2026-08-30T04:27:15.386964Z[0m [32m INFO[0m [2mshanshui_cunji::inverted[0m[2m:[0m 倒排刷盘完成: inverted-00000482.seg
[2m2026-08-30T04:27:16.103001Z[0m [32m INFO[0m [2mshanshui_cunji::inverted[0m[2m:[0m 倒排刷盘完成: inverted-00000483.seg
[2m2026-08-30T04:27:16.763474Z[0m [32m INFO[0m [2mshanshui_cunji::inverted[0m[2m:[0m 倒排刷盘完成: inverted-00000484.seg
[2m2026-08-30T04:27:17.425808Z[0m [32m INFO[0m [2mshanshui_cunji::inverted[0m[2m:[0m 倒排刷盘完成: inverted-00000485.seg
[2m2026-08-30T04:27:18.092632Z[0m [32m INFO[0m [2mshanshui_cunji::inverted[0m[2m:[0m 倒排刷盘完成: inverted-00000486.seg
[2m2026-08-30T04:27:18.757543Z[0m [32m INFO[0m [2mshanshui_cunji::inverted[0m[2m:[0m 倒排刷盘完成: inverted-00000487.seg
[2m2026-08-30T04:27:19.431243Z[0m [32m INFO[0m [2mshanshui_cunji::inverted[0m[2m:[0m 倒排刷盘完成: inverted-00000488.seg
[2m2026-08-30T04:27:20.090280Z[0m [32m INFO[0m [2mshanshui_cunji::inverted[0m[2m:[0m 倒排刷盘完成: inverted-00000489.seg
[2m2026-08-30T04:27:20.765429Z[0m [32m INFO[0m [2mshanshui_cunji::inverted[0m[2m:[0m 倒排刷盘完成: inverted-00000490.seg
[2m2026-08-30T04:27:21.437285Z[0m [32m INFO[0m [2mshanshui_cunji::inverted[0m[2m:[0m 倒排刷盘完成: inverted-00000491.seg
[2m2026-08-30T04:27:22.096321Z[0m [32m INFO[0m [2mshanshui_cunji::inverted[0m[2m:[0m 倒排刷盘完成: inverted-00000492.seg
[2m2026-08-30T04:27:22.768634Z[0m [32m INFO[0m [2mshanshui_cunji::inverted[0m[2m:[0m 倒排刷盘完成: inverted-00000493.seg
[2m2026-08-30T04:27:23.441808Z[0m [32m INFO[0m [2mshanshui_cunji::inverted[0m[2m:[0m 倒排刷盘完成: inverted-00000494.seg
[2m2026-08-30T04:27:26.278612Z[0m [32m INFO[0m [2mshanshui_cunji::column_family[0m[2m:[0m 列族 [primary] 刷盘完成: sst-00000020.sst (990452 条)
[2m2026-08-30T04:27:26.808709Z[0m [32m INFO[0m [2mshanshui_cunji::inverted[0m[2m:[0m 倒排刷盘完成: inverted-00000495.seg
[2m2026-08-30T04:27:27.488574Z[0m [32m INFO[0m [2mshanshui_cunji::inverted[0m[2m:[0m 倒排刷盘完成: inverted-00000496.seg
[2m2026-08-30T04:27:28.149104Z[0m [32m INFO[0m [2mshanshui_cunji::inverted[0m[2m:[0m 倒排刷盘完成: inverted-00000497.seg
[2m2026-08-30T04:27:28.813098Z[0m [32m INFO[0m [2mshanshui_cunji::inverted[0m[2m:[0m 倒排刷盘完成: inverted-00000498.seg
[2m2026-08-30T04:27:29.479064Z[0m [32m INFO[0m [2mshanshui_cunji::inverted[0m[2m:[0m 倒排刷盘完成: inverted-00000499.seg
[2m2026-08-30T04:27:30.143543Z[0m [32m INFO[0m [2mshanshui_cunji::inverted[0m[2m:[0m 倒排刷盘完成: inverted-00000500.seg
[2m2026-08-30T04:27:30.806425Z[0m [32m INFO[0m [2mshanshui_cunji::inverted[0m[2m:[0m 倒排刷盘完成: inverted-00000501.seg
[2m2026-08-30T04:27:31.469625Z[0m [32m INFO[0m [2mshanshui_cunji::inverted[0m[2m:[0m 倒排刷盘完成: inverted-00000502.seg
[2m2026-08-30T04:27:32.137947Z[0m [32m INFO[0m [2mshanshui_cunji::inverted[0m[2m:[0m 倒排刷盘完成: inverted-00000503.seg
[2m2026-08-30T04:27:32.786356Z[0m [32m INFO[0m [2mshanshui_cunji::inverted[0m[2m:[0m 倒排刷盘完成: inverted-00000504.seg
[2m2026-08-30T04:27:33.452908Z[0m [32m INFO[0m [2mshanshui_cunji::inverted[0m[2m:[0m 倒排刷盘完成: inverted-00000505.seg
[2m2026-08-30T04:27:34.109917Z[0m [32m INFO[0m [2mshanshui_cunji::inverted[0m[2m:[0m 倒排刷盘完成: inverted-00000506.seg
[2m2026-08-30T04:27:34.766675Z[0m [32m INFO[0m [2mshanshui_cunji::inverted[0m[2m:[0m 倒排刷盘完成: inverted-00000507.seg
[2m2026-08-30T04:27:35.430580Z[0m [32m INFO[0m [2mshanshui_cunji::inverted[0m[2m:[0m 倒排刷盘完成: inverted-00000508.seg
[2m2026-08-30T04:27:36.145467Z[0m [32m INFO[0m [2mshanshui_cunji::inverted[0m[2m:[0m 倒排刷盘完成: inverted-00000509.seg
[2m2026-08-30T04:27:36.800911Z[0m [32m INFO[0m [2mshanshui_cunji::inverted[0m[2m:[0m 倒排刷盘完成: inverted-00000510.seg
[2m2026-08-30T04:27:37.471358Z[0m [32m INFO[0m [2mshanshui_cunji::inverted[0m[2m:[0m 倒排刷盘完成: inverted-00000511.seg
[2m2026-08-30T04:27:38.131893Z[0m [32m INFO[0m [2mshanshui_cunji::inverted[0m[2m:[0m 倒排刷盘完成: inverted-00000512.seg
[2m2026-08-30T04:27:38.789343Z[0m [32m INFO[0m [2mshanshui_cunji::inverted[0m[2m:[0m 倒排刷盘完成: inverted-00000513.seg
[2m2026-08-30T04:27:39.460790Z[0m [32m INFO[0m [2mshanshui_cunji::inverted[0m[2m:[0m 倒排刷盘完成: inverted-00000514.seg
[2m2026-08-30T04:27:40.128170Z[0m [32m INFO[0m [2mshanshui_cunji::inverted[0m[2m:[0m 倒排刷盘完成: inverted-00000515.seg
[2m2026-08-30T04:27:40.792632Z[0m [32m INFO[0m [2mshanshui_cunji::inverted[0m[2m:[0m 倒排刷盘完成: inverted-00000516.seg
[2m2026-08-30T04:27:41.463819Z[0m [32m INFO[0m [2mshanshui_cunji::inverted[0m[2m:[0m 倒排刷盘完成: inverted-00000517.seg
[2m2026-08-30T04:27:42.130764Z[0m [32m INFO[0m [2mshanshui_cunji::inverted[0m[2m:[0m 倒排刷盘完成: inverted-00000518.seg
[2m2026-08-30T04:27:45.327295Z[0m [32m INFO[0m [2mshanshui_cunji::column_family[0m[2m:[0m 列族 [primary] 刷盘完成: sst-00000021.sst (990452 条)
[2m2026-08-30T04:27:45.528009Z[0m [32m INFO[0m [2mshanshui_cunji::inverted[0m[2m:[0m 倒排刷盘完成: inverted-00000519.seg
[2m2026-08-30T04:27:46.224259Z[0m [32m INFO[0m [2mshanshui_cunji::inverted[0m[2m:[0m 倒排刷盘完成: inverted-00000520.seg
[2m2026-08-30T04:27:46.899166Z[0m [32m INFO[0m [2mshanshui_cunji::inverted[0m[2m:[0m 倒排刷盘完成: inverted-00000521.seg
[2m2026-08-30T04:27:47.578148Z[0m [32m INFO[0m [2mshanshui_cunji::inverted[0m[2m:[0m 倒排刷盘完成: inverted-00000522.seg
[2m2026-08-30T04:27:48.247967Z[0m [32m INFO[0m [2mshanshui_cunji::inverted[0m[2m:[0m 倒排刷盘完成: inverted-00000523.seg
[2m2026-08-30T04:27:48.922773Z[0m [32m INFO[0m [2mshanshui_cunji::inverted[0m[2m:[0m 倒排刷盘完成: inverted-00000524.seg
[2m2026-08-30T04:27:49.588517Z[0m [32m INFO[0m [2mshanshui_cunji::inverted[0m[2m:[0m 倒排刷盘完成: inverted-00000525.seg
[2m2026-08-30T04:27:50.258564Z[0m [32m INFO[0m [2mshanshui_cunji::inverted[0m[2m:[0m 倒排刷盘完成: inverted-00000526.seg
[2m2026-08-30T04:27:50.920496Z[0m [32m INFO[0m [2mshanshui_cunji::inverted[0m[2m:[0m 倒排刷盘完成: inverted-00000527.seg
[2m2026-08-30T04:27:51.660104Z[0m [32m INFO[0m [2mshanshui_cunji::inverted[0m[2m:[0m 倒排刷盘完成: inverted-00000528.seg
[2m2026-08-30T04:27:52.331955Z[0m [32m INFO[0m [2mshanshui_cunji::inverted[0m[2m:[0m 倒排刷盘完成: inverted-00000529.seg
[2m2026-08-30T04:27:52.995305Z[0m [32m INFO[0m [2mshanshui_cunji::inverted[0m[2m:[0m 倒排刷盘完成: inverted-00000530.seg
[2m2026-08-30T04:27:53.662241Z[0m [32m INFO[0m [2mshanshui_cunji::inverted[0m[2m:[0m 倒排刷盘完成: inverted-00000531.seg
[2m2026-08-30T04:27:54.328541Z[0m [32m INFO[0m [2mshanshui_cunji::inverted[0m[2m:[0m 倒排刷盘完成: inverted-00000532.seg
[2m2026-08-30T04:27:54.999061Z[0m [32m INFO[0m [2mshanshui_cunji::inverted[0m[2m:[0m 倒排刷盘完成: inverted-00000533.seg
[2m2026-08-30T04:27:55.668420Z[0m [32m INFO[0m [2mshanshui_cunji::inverted[0m[2m:[0m 倒排刷盘完成: inverted-00000534.seg
[2m2026-08-30T04:27:56.340158Z[0m [32m INFO[0m [2mshanshui_cunji::inverted[0m[2m:[0m 倒排刷盘完成: inverted-00000535.seg
[2m2026-08-30T04:27:56.997968Z[0m [32m INFO[0m [2mshanshui_cunji::inverted[0m[2m:[0m 倒排刷盘完成: inverted-00000536.seg
[2m2026-08-30T04:27:57.661855Z[0m [32m INFO[0m [2mshanshui_cunji::inverted[0m[2m:[0m 倒排刷盘完成: inverted-00000537.seg
[2m2026-08-30T04:27:58.329534Z[0m [32m INFO[0m [2mshanshui_cunji::inverted[0m[2m:[0m 倒排刷盘完成: inverted-00000538.seg
[2m2026-08-30T04:27:58.995165Z[0m [32m INFO[0m [2mshanshui_cunji::inverted[0m[2m:[0m 倒排刷盘完成: inverted-00000539.seg
[2m2026-08-30T04:27:59.662150Z[0m [32m INFO[0m [2mshanshui_cunji::inverted[0m[2m:[0m 倒排刷盘完成: inverted-00000540.seg
[2m2026-08-30T04:28:00.337454Z[0m [32m INFO[0m [2mshanshui_cunji::inverted[0m[2m:[0m 倒排刷盘完成: inverted-00000541.seg
[2m2026-08-30T04:28:01.007878Z[0m [32m INFO[0m [2mshanshui_cunji::inverted[0m[2m:[0m 倒排刷盘完成: inverted-00000542.seg
[2m2026-08-30T04:28:01.671839Z[0m [32m INFO[0m [2mshanshui_cunji::inverted[0m[2m:[0m 倒排刷盘完成: inverted-00000543.seg
[2m2026-08-30T04:28:04.715562Z[0m [32m INFO[0m [2mshanshui_cunji::column_family[0m[2m:[0m 列族 [primary] 刷盘完成: sst-00000022.sst (990452 条)
[2m2026-08-30T04:28:05.178824Z[0m [32m INFO[0m [2mshanshui_cunji::inverted[0m[2m:[0m 倒排刷盘完成: inverted-00000544.seg
[2m2026-08-30T04:28:05.866809Z[0m [32m INFO[0m [2mshanshui_cunji::inverted[0m[2m:[0m 倒排刷盘完成: inverted-00000545.seg
[2m2026-08-30T04:28:06.527182Z[0m [32m INFO[0m [2mshanshui_cunji::inverted[0m[2m:[0m 倒排刷盘完成: inverted-00000546.seg
[2m2026-08-30T04:28:07.201221Z[0m [32m INFO[0m [2mshanshui_cunji::inverted[0m[2m:[0m 倒排刷盘完成: inverted-00000547.seg
[2m2026-08-30T04:28:07.866779Z[0m [32m INFO[0m [2mshanshui_cunji::inverted[0m[2m:[0m 倒排刷盘完成: inverted-00000548.seg
[2m2026-08-30T04:28:08.531869Z[0m [32m INFO[0m [2mshanshui_cunji::inverted[0m[2m:[0m 倒排刷盘完成: inverted-00000549.seg
[2m2026-08-30T04:28:09.194215Z[0m [32m INFO[0m [2mshanshui_cunji::inverted[0m[2m:[0m 倒排刷盘完成: inverted-00000550.seg
[2m2026-08-30T04:28:09.859717Z[0m [32m INFO[0m [2mshanshui_cunji::inverted[0m[2m:[0m 倒排刷盘完成: inverted-00000551.seg
[2m2026-08-30T04:28:10.512992Z[0m [32m INFO[0m [2mshanshui_cunji::inverted[0m[2m:[0m 倒排刷盘完成: inverted-00000552.seg
[2m2026-08-30T04:28:11.168933Z[0m [32m INFO[0m [2mshanshui_cunji::inverted[0m[2m:[0m 倒排刷盘完成: inverted-00000553.seg
[2m2026-08-30T04:28:11.832709Z[0m [32m INFO[0m [2mshanshui_cunji::inverted[0m[2m:[0m 倒排刷盘完成: inverted-00000554.seg
[2m2026-08-30T04:28:12.490977Z[0m [32m INFO[0m [2mshanshui_cunji::inverted[0m[2m:[0m 倒排刷盘完成: inverted-00000555.seg
[2m2026-08-30T04:28:13.147800Z[0m [32m INFO[0m [2mshanshui_cunji::inverted[0m[2m:[0m 倒排刷盘完成: inverted-00000556.seg
[2m2026-08-30T04:28:13.802628Z[0m [32m INFO[0m [2mshanshui_cunji::inverted[0m[2m:[0m 倒排刷盘完成: inverted-00000557.seg
[2m2026-08-30T04:28:14.458380Z[0m [32m INFO[0m [2mshanshui_cunji::inverted[0m[2m:[0m 倒排刷盘完成: inverted-00000558.seg
[2m2026-08-30T04:28:15.115239Z[0m [32m INFO[0m [2mshanshui_cunji::inverted[0m[2m:[0m 倒排刷盘完成: inverted-00000559.seg
[2m2026-08-30T04:28:15.781095Z[0m [32m INFO[0m [2mshanshui_cunji::inverted[0m[2m:[0m 倒排刷盘完成: inverted-00000560.seg
[2m2026-08-30T04:28:16.472065Z[0m [32m INFO[0m [2mshanshui_cunji::inverted[0m[2m:[0m 倒排刷盘完成: inverted-00000561.seg
[2m2026-08-30T04:28:17.129141Z[0m [32m INFO[0m [2mshanshui_cunji::inverted[0m[2m:[0m 倒排刷盘完成: inverted-00000562.seg
[2m2026-08-30T04:28:17.788917Z[0m [32m INFO[0m [2mshanshui_cunji::inverted[0m[2m:[0m 倒排刷盘完成: inverted-00000563.seg
[2m2026-08-30T04:28:18.446197Z[0m [32m INFO[0m [2mshanshui_cunji::inverted[0m[2m:[0m 倒排刷盘完成: inverted-00000564.seg
[2m2026-08-30T04:28:19.110189Z[0m [32m INFO[0m [2mshanshui_cunji::inverted[0m[2m:[0m 倒排刷盘完成: inverted-00000565.seg
[2m2026-08-30T04:28:19.778226Z[0m [32m INFO[0m [2mshanshui_cunji::inverted[0m[2m:[0m 倒排刷盘完成: inverted-00000566.seg
[2m2026-08-30T04:28:20.434191Z[0m [32m INFO[0m [2mshanshui_cunji::inverted[0m[2m:[0m 倒排刷盘完成: inverted-00000567.seg
[2m2026-08-30T04:28:23.668796Z[0m [32m INFO[0m [2mshanshui_cunji::column_family[0m[2m:[0m 列族 [primary] 刷盘完成: sst-00000023.sst (990452 条)
[2m2026-08-30T04:28:23.785887Z[0m [32m INFO[0m [2mshanshui_cunji::inverted[0m[2m:[0m 倒排刷盘完成: inverted-00000568.seg
[2m2026-08-30T04:28:24.466630Z[0m [32m INFO[0m [2mshanshui_cunji::inverted[0m[2m:[0m 倒排刷盘完成: inverted-00000569.seg
[2m2026-08-30T04:28:25.133534Z[0m [32m INFO[0m [2mshanshui_cunji::inverted[0m[2m:[0m 倒排刷盘完成: inverted-00000570.seg
[2m2026-08-30T04:28:25.801277Z[0m [32m INFO[0m [2mshanshui_cunji::inverted[0m[2m:[0m 倒排刷盘完成: inverted-00000571.seg
[2m2026-08-30T04:28:26.462139Z[0m [32m INFO[0m [2mshanshui_cunji::inverted[0m[2m:[0m 倒排刷盘完成: inverted-00000572.seg
[2m2026-08-30T04:28:27.125010Z[0m [32m INFO[0m [2mshanshui_cunji::inverted[0m[2m:[0m 倒排刷盘完成: inverted-00000573.seg
[2m2026-08-30T04:28:27.780090Z[0m [32m INFO[0m [2mshanshui_cunji::inverted[0m[2m:[0m 倒排刷盘完成: inverted-00000574.seg
[2m2026-08-30T04:28:28.444499Z[0m [32m INFO[0m [2mshanshui_cunji::inverted[0m[2m:[0m 倒排刷盘完成: inverted-00000575.seg
[2m2026-08-30T04:28:29.101379Z[0m [32m INFO[0m [2mshanshui_cunji::inverted[0m[2m:[0m 倒排刷盘完成: inverted-00000576.seg
[2m2026-08-30T04:28:29.763608Z[0m [32m INFO[0m [2mshanshui_cunji::inverted[0m[2m:[0m 倒排刷盘完成: inverted-00000577.seg
[2m2026-08-30T04:28:30.417369Z[0m [32m INFO[0m [2mshanshui_cunji::inverted[0m[2m:[0m 倒排刷盘完成: inverted-00000578.seg
[2m2026-08-30T04:28:31.074202Z[0m [32m INFO[0m [2mshanshui_cunji::inverted[0m[2m:[0m 倒排刷盘完成: inverted-00000579.seg
[2m2026-08-30T04:28:31.730431Z[0m [32m INFO[0m [2mshanshui_cunji::inverted[0m[2m:[0m 倒排刷盘完成: inverted-00000580.seg
[2m2026-08-30T04:28:32.388831Z[0m [32m INFO[0m [2mshanshui_cunji::inverted[0m[2m:[0m 倒排刷盘完成: inverted-00000581.seg
[2m2026-08-30T04:28:33.038397Z[0m [32m INFO[0m [2mshanshui_cunji::inverted[0m[2m:[0m 倒排刷盘完成: inverted-00000582.seg
[2m2026-08-30T04:28:33.744346Z[0m [32m INFO[0m [2mshanshui_cunji::inverted[0m[2m:[0m 倒排刷盘完成: inverted-00000583.seg
[2m2026-08-30T04:28:34.406463Z[0m [32m INFO[0m [2mshanshui_cunji::inverted[0m[2m:[0m 倒排刷盘完成: inverted-00000584.seg
[2m2026-08-30T04:28:35.053774Z[0m [32m INFO[0m [2mshanshui_cunji::inverted[0m[2m:[0m 倒排刷盘完成: inverted-00000585.seg
[2m2026-08-30T04:28:35.719480Z[0m [32m INFO[0m [2mshanshui_cunji::inverted[0m[2m:[0m 倒排刷盘完成: inverted-00000586.seg
[2m2026-08-30T04:28:36.377639Z[0m [32m INFO[0m [2mshanshui_cunji::inverted[0m[2m:[0m 倒排刷盘完成: inverted-00000587.seg
[2m2026-08-30T04:28:37.029076Z[0m [32m INFO[0m [2mshanshui_cunji::inverted[0m[2m:[0m 倒排刷盘完成: inverted-00000588.seg
[2m2026-08-30T04:28:37.689680Z[0m [32m INFO[0m [2mshanshui_cunji::inverted[0m[2m:[0m 倒排刷盘完成: inverted-00000589.seg
[2m2026-08-30T04:28:38.347988Z[0m [32m INFO[0m [2mshanshui_cunji::inverted[0m[2m:[0m 倒排刷盘完成: inverted-00000590.seg
[2m2026-08-30T04:28:39.009117Z[0m [32m INFO[0m [2mshanshui_cunji::inverted[0m[2m:[0m 倒排刷盘完成: inverted-00000591.seg
[2m2026-08-30T04:28:39.674925Z[0m [32m INFO[0m [2mshanshui_cunji::inverted[0m[2m:[0m 倒排刷盘完成: inverted-00000592.seg
[2m2026-08-30T04:28:42.634583Z[0m [32m INFO[0m [2mshanshui_cunji::column_family[0m[2m:[0m 列族 [primary] 刷盘完成: sst-00000024.sst (990452 条)
[2m2026-08-30T04:28:43.019848Z[0m [32m INFO[0m [2mshanshui_cunji::inverted[0m[2m:[0m 倒排刷盘完成: inverted-00000593.seg
[2m2026-08-30T04:28:43.695264Z[0m [32m INFO[0m [2mshanshui_cunji::inverted[0m[2m:[0m 倒排刷盘完成: inverted-00000594.seg
[2m2026-08-30T04:28:44.346143Z[0m [32m INFO[0m [2mshanshui_cunji::inverted[0m[2m:[0m 倒排刷盘完成: inverted-00000595.seg
[2m2026-08-30T04:28:45.002918Z[0m [32m INFO[0m [2mshanshui_cunji::inverted[0m[2m:[0m 倒排刷盘完成: inverted-00000596.seg
[2m2026-08-30T04:28:45.652282Z[0m [32m INFO[0m [2mshanshui_cunji::inverted[0m[2m:[0m 倒排刷盘完成: inverted-00000597.seg
[2m2026-08-30T04:28:46.308818Z[0m [32m INFO[0m [2mshanshui_cunji::inverted[0m[2m:[0m 倒排刷盘完成: inverted-00000598.seg
[2m2026-08-30T04:28:46.953872Z[0m [32m INFO[0m [2mshanshui_cunji::inverted[0m[2m:[0m 倒排刷盘完成: inverted-00000599.seg
[2m2026-08-30T04:28:47.611057Z[0m [32m INFO[0m [2mshanshui_cunji::inverted[0m[2m:[0m 倒排刷盘完成: inverted-00000600.seg
[2m2026-08-30T04:28:48.254608Z[0m [32m INFO[0m [2mshanshui_cunji::inverted[0m[2m:[0m 倒排刷盘完成: inverted-00000601.seg
[2m2026-08-30T04:28:48.900794Z[0m [32m INFO[0m [2mshanshui_cunji::inverted[0m[2m:[0m 倒排刷盘完成: inverted-00000602.seg
[2m2026-08-30T04:28:49.562918Z[0m [32m INFO[0m [2mshanshui_cunji::inverted[0m[2m:[0m 倒排刷盘完成: inverted-00000603.seg
[2m2026-08-30T04:28:50.203719Z[0m [32m INFO[0m [2mshanshui_cunji::inverted[0m[2m:[0m 倒排刷盘完成: inverted-00000604.seg
[2m2026-08-30T04:28:50.854159Z[0m [32m INFO[0m [2mshanshui_cunji::inverted[0m[2m:[0m 倒排刷盘完成: inverted-00000605.seg
[2m2026-08-30T04:28:51.515620Z[0m [32m INFO[0m [2mshanshui_cunji::inverted[0m[2m:[0m 倒排刷盘完成: inverted-00000606.seg
[2m2026-08-30T04:28:52.159628Z[0m [32m INFO[0m [2mshanshui_cunji::inverted[0m[2m:[0m 倒排刷盘完成: inverted-00000607.seg
[2m2026-08-30T04:28:52.818896Z[0m [32m INFO[0m [2mshanshui_cunji::inverted[0m[2m:[0m 倒排刷盘完成: inverted-00000608.seg
[2m2026-08-30T04:28:53.473225Z[0m [32m INFO[0m [2mshanshui_cunji::inverted[0m[2m:[0m 倒排刷盘完成: inverted-00000609.seg
[2m2026-08-30T04:28:54.121836Z[0m [32m INFO[0m [2mshanshui_cunji::inverted[0m[2m:[0m 倒排刷盘完成: inverted-00000610.seg
[2m2026-08-30T04:28:54.777059Z[0m [32m INFO[0m [2mshanshui_cunji::inverted[0m[2m:[0m 倒排刷盘完成: inverted-00000611.seg
[2m2026-08-30T04:28:55.427645Z[0m [32m INFO[0m [2mshanshui_cunji::inverted[0m[2m:[0m 倒排刷盘完成: inverted-00000612.seg
[2m2026-08-30T04:28:56.076732Z[0m [32m INFO[0m [2mshanshui_cunji::inverted[0m[2m:[0m 倒排刷盘完成: inverted-00000613.seg
[2m2026-08-30T04:28:56.739429Z[0m [32m INFO[0m [2mshanshui_cunji::inverted[0m[2m:[0m 倒排刷盘完成: inverted-00000614.seg
[2m2026-08-30T04:28:57.409532Z[0m [32m INFO[0m [2mshanshui_cunji::inverted[0m[2m:[0m 倒排刷盘完成: inverted-00000615.seg
[2m2026-08-30T04:28:58.062099Z[0m [32m INFO[0m [2mshanshui_cunji::inverted[0m[2m:[0m 倒排刷盘完成: inverted-00000616.seg
[2m2026-08-30T04:28:58.728911Z[0m [32m INFO[0m [2mshanshui_cunji::inverted[0m[2m:[0m 倒排刷盘完成: inverted-00000617.seg
[2m2026-08-30T04:29:01.484488Z[0m [32m INFO[0m [2mshanshui_cunji::column_family[0m[2m:[0m 列族 [primary] 刷盘完成: sst-00000025.sst (990452 条)
[2m2026-08-30T04:29:02.132418Z[0m [32m INFO[0m [2mshanshui_cunji::inverted[0m[2m:[0m 倒排刷盘完成: inverted-00000618.seg
[2m2026-08-30T04:29:02.812755Z[0m [32m INFO[0m [2mshanshui_cunji::inverted[0m[2m:[0m 倒排刷盘完成: inverted-00000619.seg
[2m2026-08-30T04:29:03.486286Z[0m [32m INFO[0m [2mshanshui_cunji::inverted[0m[2m:[0m 倒排刷盘完成: inverted-00000620.seg
[2m2026-08-30T04:29:04.262530Z[0m [32m INFO[0m [2mshanshui_cunji::inverted[0m[2m:[0m 倒排刷盘完成: inverted-00000621.seg
[2m2026-08-30T04:29:04.939300Z[0m [32m INFO[0m [2mshanshui_cunji::inverted[0m[2m:[0m 倒排刷盘完成: inverted-00000622.seg
[2m2026-08-30T04:29:05.599977Z[0m [32m INFO[0m [2mshanshui_cunji::inverted[0m[2m:[0m 倒排刷盘完成: inverted-00000623.seg
[2m2026-08-30T04:29:06.258668Z[0m [32m INFO[0m [2mshanshui_cunji::inverted[0m[2m:[0m 倒排刷盘完成: inverted-00000624.seg
[2m2026-08-30T04:29:06.915925Z[0m [32m INFO[0m [2mshanshui_cunji::inverted[0m[2m:[0m 倒排刷盘完成: inverted-00000625.seg
[2m2026-08-30T04:29:07.578694Z[0m [32m INFO[0m [2mshanshui_cunji::inverted[0m[2m:[0m 倒排刷盘完成: inverted-00000626.seg
[2m2026-08-30T04:29:08.235181Z[0m [32m INFO[0m [2mshanshui_cunji::inverted[0m[2m:[0m 倒排刷盘完成: inverted-00000627.seg
[2m2026-08-30T04:29:08.897834Z[0m [32m INFO[0m [2mshanshui_cunji::inverted[0m[2m:[0m 倒排刷盘完成: inverted-00000628.seg
[2m2026-08-30T04:29:09.568506Z[0m [32m INFO[0m [2mshanshui_cunji::inverted[0m[2m:[0m 倒排刷盘完成: inverted-00000629.seg
[2m2026-08-30T04:29:10.227545Z[0m [32m INFO[0m [2mshanshui_cunji::inverted[0m[2m:[0m 倒排刷盘完成: inverted-00000630.seg
[2m2026-08-30T04:29:10.882009Z[0m [32m INFO[0m [2mshanshui_cunji::inverted[0m[2m:[0m 倒排刷盘完成: inverted-00000631.seg
[2m2026-08-30T04:29:11.545829Z[0m [32m INFO[0m [2mshanshui_cunji::inverted[0m[2m:[0m 倒排刷盘完成: inverted-00000632.seg
[2m2026-08-30T04:29:12.208306Z[0m [32m INFO[0m [2mshanshui_cunji::inverted[0m[2m:[0m 倒排刷盘完成: inverted-00000633.seg
[2m2026-08-30T04:29:12.876247Z[0m [32m INFO[0m [2mshanshui_cunji::inverted[0m[2m:[0m 倒排刷盘完成: inverted-00000634.seg
[2m2026-08-30T04:29:13.541390Z[0m [32m INFO[0m [2mshanshui_cunji::inverted[0m[2m:[0m 倒排刷盘完成: inverted-00000635.seg
[2m2026-08-30T04:29:14.201066Z[0m [32m INFO[0m [2mshanshui_cunji::inverted[0m[2m:[0m 倒排刷盘完成: inverted-00000636.seg
[2m2026-08-30T04:29:14.863156Z[0m [32m INFO[0m [2mshanshui_cunji::inverted[0m[2m:[0m 倒排刷盘完成: inverted-00000637.seg
[2m2026-08-30T04:29:15.529674Z[0m [32m INFO[0m [2mshanshui_cunji::inverted[0m[2m:[0m 倒排刷盘完成: inverted-00000638.seg
[2m2026-08-30T04:29:16.190306Z[0m [32m INFO[0m [2mshanshui_cunji::inverted[0m[2m:[0m 倒排刷盘完成: inverted-00000639.seg
[2m2026-08-30T04:29:16.852796Z[0m [32m INFO[0m [2mshanshui_cunji::inverted[0m[2m:[0m 倒排刷盘完成: inverted-00000640.seg
[2m2026-08-30T04:29:17.528042Z[0m [32m INFO[0m [2mshanshui_cunji::inverted[0m[2m:[0m 倒排刷盘完成: inverted-00000641.seg
[2m2026-08-30T04:29:20.613447Z[0m [32m INFO[0m [2mshanshui_cunji::column_family[0m[2m:[0m 列族 [primary] 刷盘完成: sst-00000026.sst (990452 条)
[2m2026-08-30T04:29:20.920020Z[0m [32m INFO[0m [2mshanshui_cunji::inverted[0m[2m:[0m 倒排刷盘完成: inverted-00000642.seg
[2m2026-08-30T04:29:21.603316Z[0m [32m INFO[0m [2mshanshui_cunji::inverted[0m[2m:[0m 倒排刷盘完成: inverted-00000643.seg
[2m2026-08-30T04:29:22.275461Z[0m [32m INFO[0m [2mshanshui_cunji::inverted[0m[2m:[0m 倒排刷盘完成: inverted-00000644.seg
[2m2026-08-30T04:29:22.941102Z[0m [32m INFO[0m [2mshanshui_cunji::inverted[0m[2m:[0m 倒排刷盘完成: inverted-00000645.seg
[2m2026-08-30T04:29:23.616446Z[0m [32m INFO[0m [2mshanshui_cunji::inverted[0m[2m:[0m 倒排刷盘完成: inverted-00000646.seg
[2m2026-08-30T04:29:24.276356Z[0m [32m INFO[0m [2mshanshui_cunji::inverted[0m[2m:[0m 倒排刷盘完成: inverted-00000647.seg
[2m2026-08-30T04:29:24.947041Z[0m [32m INFO[0m [2mshanshui_cunji::inverted[0m[2m:[0m 倒排刷盘完成: inverted-00000648.seg
[2m2026-08-30T04:29:25.656136Z[0m [32m INFO[0m [2mshanshui_cunji::inverted[0m[2m:[0m 倒排刷盘完成: inverted-00000649.seg
[2m2026-08-30T04:29:26.301565Z[0m [32m INFO[0m [2mshanshui_cunji::inverted[0m[2m:[0m 倒排刷盘完成: inverted-00000650.seg
[2m2026-08-30T04:29:26.952187Z[0m [32m INFO[0m [2mshanshui_cunji::inverted[0m[2m:[0m 倒排刷盘完成: inverted-00000651.seg
[2m2026-08-30T04:29:27.608822Z[0m [32m INFO[0m [2mshanshui_cunji::inverted[0m[2m:[0m 倒排刷盘完成: inverted-00000652.seg
[2m2026-08-30T04:29:28.269503Z[0m [32m INFO[0m [2mshanshui_cunji::inverted[0m[2m:[0m 倒排刷盘完成: inverted-00000653.seg
[2m2026-08-30T04:29:28.916952Z[0m [32m INFO[0m [2mshanshui_cunji::inverted[0m[2m:[0m 倒排刷盘完成: inverted-00000654.seg
[2m2026-08-30T04:29:29.574278Z[0m [32m INFO[0m [2mshanshui_cunji::inverted[0m[2m:[0m 倒排刷盘完成: inverted-00000655.seg
[2m2026-08-30T04:29:30.236389Z[0m [32m INFO[0m [2mshanshui_cunji::inverted[0m[2m:[0m 倒排刷盘完成: inverted-00000656.seg
[2m2026-08-30T04:29:30.886426Z[0m [32m INFO[0m [2mshanshui_cunji::inverted[0m[2m:[0m 倒排刷盘完成: inverted-00000657.seg
[2m2026-08-30T04:29:31.547777Z[0m [32m INFO[0m [2mshanshui_cunji::inverted[0m[2m:[0m 倒排刷盘完成: inverted-00000658.seg
[2m2026-08-30T04:29:32.196046Z[0m [32m INFO[0m [2mshanshui_cunji::inverted[0m[2m:[0m 倒排刷盘完成: inverted-00000659.seg
[2m2026-08-30T04:29:32.847970Z[0m [32m INFO[0m [2mshanshui_cunji::inverted[0m[2m:[0m 倒排刷盘完成: inverted-00000660.seg
[2m2026-08-30T04:29:35.156014Z[0m [32m INFO[0m [2mshanshui_cunji::inverted[0m[2m:[0m 倒排刷盘完成: inverted-00000661.seg
[2m2026-08-30T04:29:35.794258Z[0m [32m INFO[0m [2mshanshui_cunji::inverted[0m[2m:[0m 倒排刷盘完成: inverted-00000662.seg
[2m2026-08-30T04:29:36.455229Z[0m [32m INFO[0m [2mshanshui_cunji::inverted[0m[2m:[0m 倒排刷盘完成: inverted-00000663.seg
[2m2026-08-30T04:29:37.098757Z[0m [32m INFO[0m [2mshanshui_cunji::inverted[0m[2m:[0m 倒排刷盘完成: inverted-00000664.seg
[2m2026-08-30T04:29:37.747842Z[0m [32m INFO[0m [2mshanshui_cunji::inverted[0m[2m:[0m 倒排刷盘完成: inverted-00000665.seg
[2m2026-08-30T04:29:38.397485Z[0m [32m INFO[0m [2mshanshui_cunji::inverted[0m[2m:[0m 倒排刷盘完成: inverted-00000666.seg
[2m2026-08-30T04:29:41.155247Z[0m [32m INFO[0m [2mshanshui_cunji::column_family[0m[2m:[0m 列族 [primary] 刷盘完成: sst-00000027.sst (990452 条)
[2m2026-08-30T04:29:41.720218Z[0m [32m INFO[0m [2mshanshui_cunji::inverted[0m[2m:[0m 倒排刷盘完成: inverted-00000667.seg
[2m2026-08-30T04:29:42.387066Z[0m [32m INFO[0m [2mshanshui_cunji::inverted[0m[2m:[0m 倒排刷盘完成: inverted-00000668.seg
[2m2026-08-30T04:29:43.039026Z[0m [32m INFO[0m [2mshanshui_cunji::inverted[0m[2m:[0m 倒排刷盘完成: inverted-00000669.seg
[2m2026-08-30T04:29:43.695749Z[0m [32m INFO[0m [2mshanshui_cunji::inverted[0m[2m:[0m 倒排刷盘完成: inverted-00000670.seg
[2m2026-08-30T04:29:44.395455Z[0m [32m INFO[0m [2mshanshui_cunji::inverted[0m[2m:[0m 倒排刷盘完成: inverted-00000671.seg
[2m2026-08-30T04:29:45.043968Z[0m [32m INFO[0m [2mshanshui_cunji::inverted[0m[2m:[0m 倒排刷盘完成: inverted-00000672.seg
[2m2026-08-30T04:29:45.692636Z[0m [32m INFO[0m [2mshanshui_cunji::inverted[0m[2m:[0m 倒排刷盘完成: inverted-00000673.seg
[2m2026-08-30T04:29:46.336766Z[0m [32m INFO[0m [2mshanshui_cunji::inverted[0m[2m:[0m 倒排刷盘完成: inverted-00000674.seg
[2m2026-08-30T04:29:46.978369Z[0m [32m INFO[0m [2mshanshui_cunji::inverted[0m[2m:[0m 倒排刷盘完成: inverted-00000675.seg
[2m2026-08-30T04:29:47.626826Z[0m [32m INFO[0m [2mshanshui_cunji::inverted[0m[2m:[0m 倒排刷盘完成: inverted-00000676.seg
[2m2026-08-30T04:29:48.365562Z[0m [32m INFO[0m [2mshanshui_cunji::inverted[0m[2m:[0m 倒排刷盘完成: inverted-00000677.seg
[2m2026-08-30T04:29:49.017660Z[0m [32m INFO[0m [2mshanshui_cunji::inverted[0m[2m:[0m 倒排刷盘完成: inverted-00000678.seg
[2m2026-08-30T04:29:49.701011Z[0m [32m INFO[0m [2mshanshui_cunji::inverted[0m[2m:[0m 倒排刷盘完成: inverted-00000679.seg
[2m2026-08-30T04:29:50.443104Z[0m [32m INFO[0m [2mshanshui_cunji::inverted[0m[2m:[0m 倒排刷盘完成: inverted-00000680.seg
[2m2026-08-30T04:29:51.090295Z[0m [32m INFO[0m [2mshanshui_cunji::inverted[0m[2m:[0m 倒排刷盘完成: inverted-00000681.seg
[2m2026-08-30T04:29:51.741839Z[0m [32m INFO[0m [2mshanshui_cunji::inverted[0m[2m:[0m 倒排刷盘完成: inverted-00000682.seg
[2m2026-08-30T04:29:52.393823Z[0m [32m INFO[0m [2mshanshui_cunji::inverted[0m[2m:[0m 倒排刷盘完成: inverted-00000683.seg
[2m2026-08-30T04:29:53.047872Z[0m [32m INFO[0m [2mshanshui_cunji::inverted[0m[2m:[0m 倒排刷盘完成: inverted-00000684.seg
[2m2026-08-30T04:29:53.695411Z[0m [32m INFO[0m [2mshanshui_cunji::inverted[0m[2m:[0m 倒排刷盘完成: inverted-00000685.seg
[2m2026-08-30T04:29:54.339808Z[0m [32m INFO[0m [2mshanshui_cunji::inverted[0m[2m:[0m 倒排刷盘完成: inverted-00000686.seg
[2m2026-08-30T04:29:54.980567Z[0m [32m INFO[0m [2mshanshui_cunji::inverted[0m[2m:[0m 倒排刷盘完成: inverted-00000687.seg
[2m2026-08-30T04:29:55.629535Z[0m [32m INFO[0m [2mshanshui_cunji::inverted[0m[2m:[0m 倒排刷盘完成: inverted-00000688.seg
[2m2026-08-30T04:29:56.271306Z[0m [32m INFO[0m [2mshanshui_cunji::inverted[0m[2m:[0m 倒排刷盘完成: inverted-00000689.seg
[2m2026-08-30T04:29:56.927165Z[0m [32m INFO[0m [2mshanshui_cunji::inverted[0m[2m:[0m 倒排刷盘完成: inverted-00000690.seg
[2m2026-08-30T04:30:00.013594Z[0m [32m INFO[0m [2mshanshui_cunji::column_family[0m[2m:[0m 列族 [primary] 刷盘完成: sst-00000028.sst (990452 条)
[2m2026-08-30T04:30:00.244006Z[0m [32m INFO[0m [2mshanshui_cunji::inverted[0m[2m:[0m 倒排刷盘完成: inverted-00000691.seg
[2m2026-08-30T04:30:00.917887Z[0m [32m INFO[0m [2mshanshui_cunji::inverted[0m[2m:[0m 倒排刷盘完成: inverted-00000692.seg
[2m2026-08-30T04:30:01.975708Z[0m [32m INFO[0m [2mshanshui_cunji::inverted[0m[2m:[0m 倒排刷盘完成: inverted-00000693.seg
[2m2026-08-30T04:30:02.626806Z[0m [32m INFO[0m [2mshanshui_cunji::inverted[0m[2m:[0m 倒排刷盘完成: inverted-00000694.seg
[2m2026-08-30T04:30:03.287158Z[0m [32m INFO[0m [2mshanshui_cunji::inverted[0m[2m:[0m 倒排刷盘完成: inverted-00000695.seg
[2m2026-08-30T04:30:03.945427Z[0m [32m INFO[0m [2mshanshui_cunji::inverted[0m[2m:[0m 倒排刷盘完成: inverted-00000696.seg
[2m2026-08-30T04:30:04.645563Z[0m [32m INFO[0m [2mshanshui_cunji::inverted[0m[2m:[0m 倒排刷盘完成: inverted-00000697.seg
[2m2026-08-30T04:30:05.445032Z[0m [32m INFO[0m [2mshanshui_cunji::inverted[0m[2m:[0m 倒排刷盘完成: inverted-00000698.seg
[2m2026-08-30T04:30:06.101428Z[0m [32m INFO[0m [2mshanshui_cunji::inverted[0m[2m:[0m 倒排刷盘完成: inverted-00000699.seg
[2m2026-08-30T04:30:06.743945Z[0m [32m INFO[0m [2mshanshui_cunji::inverted[0m[2m:[0m 倒排刷盘完成: inverted-00000700.seg
[2m2026-08-30T04:30:07.398860Z[0m [32m INFO[0m [2mshanshui_cunji::inverted[0m[2m:[0m 倒排刷盘完成: inverted-00000701.seg
[2m2026-08-30T04:30:08.053907Z[0m [32m INFO[0m [2mshanshui_cunji::inverted[0m[2m:[0m 倒排刷盘完成: inverted-00000702.seg
[2m2026-08-30T04:30:08.699479Z[0m [32m INFO[0m [2mshanshui_cunji::inverted[0m[2m:[0m 倒排刷盘完成: inverted-00000703.seg
[2m2026-08-30T04:30:09.355310Z[0m [32m INFO[0m [2mshanshui_cunji::inverted[0m[2m:[0m 倒排刷盘完成: inverted-00000704.seg
[2m2026-08-30T04:30:10.007462Z[0m [32m INFO[0m [2mshanshui_cunji::inverted[0m[2m:[0m 倒排刷盘完成: inverted-00000705.seg
[2m2026-08-30T04:30:10.656755Z[0m [32m INFO[0m [2mshanshui_cunji::inverted[0m[2m:[0m 倒排刷盘完成: inverted-00000706.seg
[2m2026-08-30T04:30:11.310306Z[0m [32m INFO[0m [2mshanshui_cunji::inverted[0m[2m:[0m 倒排刷盘完成: inverted-00000707.seg
[2m2026-08-30T04:30:11.962636Z[0m [32m INFO[0m [2mshanshui_cunji::inverted[0m[2m:[0m 倒排刷盘完成: inverted-00000708.seg
[2m2026-08-30T04:30:12.608233Z[0m [32m INFO[0m [2mshanshui_cunji::inverted[0m[2m:[0m 倒排刷盘完成: inverted-00000709.seg
[2m2026-08-30T04:30:13.258555Z[0m [32m INFO[0m [2mshanshui_cunji::inverted[0m[2m:[0m 倒排刷盘完成: inverted-00000710.seg
[2m2026-08-30T04:30:13.911161Z[0m [32m INFO[0m [2mshanshui_cunji::inverted[0m[2m:[0m 倒排刷盘完成: inverted-00000711.seg
[2m2026-08-30T04:30:14.560036Z[0m [32m INFO[0m [2mshanshui_cunji::inverted[0m[2m:[0m 倒排刷盘完成: inverted-00000712.seg
[2m2026-08-30T04:30:15.209036Z[0m [32m INFO[0m [2mshanshui_cunji::inverted[0m[2m:[0m 倒排刷盘完成: inverted-00000713.seg
[2m2026-08-30T04:30:15.863678Z[0m [32m INFO[0m [2mshanshui_cunji::inverted[0m[2m:[0m 倒排刷盘完成: inverted-00000714.seg
[2m2026-08-30T04:30:16.522239Z[0m [32m INFO[0m [2mshanshui_cunji::inverted[0m[2m:[0m 倒排刷盘完成: inverted-00000715.seg
[2m2026-08-30T04:30:19.384802Z[0m [32m INFO[0m [2mshanshui_cunji::column_family[0m[2m:[0m 列族 [primary] 刷盘完成: sst-00000029.sst (990452 条)
[2m2026-08-30T04:30:19.885134Z[0m [32m INFO[0m [2mshanshui_cunji::inverted[0m[2m:[0m 倒排刷盘完成: inverted-00000716.seg
[2m2026-08-30T04:30:20.629495Z[0m [32m INFO[0m [2mshanshui_cunji::inverted[0m[2m:[0m 倒排刷盘完成: inverted-00000717.seg
[2m2026-08-30T04:30:21.294204Z[0m [32m INFO[0m [2mshanshui_cunji::inverted[0m[2m:[0m 倒排刷盘完成: inverted-00000718.seg
[2m2026-08-30T04:30:21.985222Z[0m [32m INFO[0m [2mshanshui_cunji::inverted[0m[2m:[0m 倒排刷盘完成: inverted-00000719.seg
[2m2026-08-30T04:30:22.673162Z[0m [32m INFO[0m [2mshanshui_cunji::inverted[0m[2m:[0m 倒排刷盘完成: inverted-00000720.seg
[2m2026-08-30T04:30:23.324248Z[0m [32m INFO[0m [2mshanshui_cunji::inverted[0m[2m:[0m 倒排刷盘完成: inverted-00000721.seg
[2m2026-08-30T04:30:24.015109Z[0m [32m INFO[0m [2mshanshui_cunji::inverted[0m[2m:[0m 倒排刷盘完成: inverted-00000722.seg
[2m2026-08-30T04:30:24.659772Z[0m [32m INFO[0m [2mshanshui_cunji::inverted[0m[2m:[0m 倒排刷盘完成: inverted-00000723.seg
[2m2026-08-30T04:30:25.301976Z[0m [32m INFO[0m [2mshanshui_cunji::inverted[0m[2m:[0m 倒排刷盘完成: inverted-00000724.seg
[2m2026-08-30T04:30:25.946858Z[0m [32m INFO[0m [2mshanshui_cunji::inverted[0m[2m:[0m 倒排刷盘完成: inverted-00000725.seg
[2m2026-08-30T04:30:26.598526Z[0m [32m INFO[0m [2mshanshui_cunji::inverted[0m[2m:[0m 倒排刷盘完成: inverted-00000726.seg
[2m2026-08-30T04:30:27.245385Z[0m [32m INFO[0m [2mshanshui_cunji::inverted[0m[2m:[0m 倒排刷盘完成: inverted-00000727.seg
[2m2026-08-30T04:30:27.882655Z[0m [32m INFO[0m [2mshanshui_cunji::inverted[0m[2m:[0m 倒排刷盘完成: inverted-00000728.seg
[2m2026-08-30T04:30:28.529810Z[0m [32m INFO[0m [2mshanshui_cunji::inverted[0m[2m:[0m 倒排刷盘完成: inverted-00000729.seg
[2m2026-08-30T04:30:29.169701Z[0m [32m INFO[0m [2mshanshui_cunji::inverted[0m[2m:[0m 倒排刷盘完成: inverted-00000730.seg
[2m2026-08-30T04:30:29.821121Z[0m [32m INFO[0m [2mshanshui_cunji::inverted[0m[2m:[0m 倒排刷盘完成: inverted-00000731.seg
[2m2026-08-30T04:30:30.471340Z[0m [32m INFO[0m [2mshanshui_cunji::inverted[0m[2m:[0m 倒排刷盘完成: inverted-00000732.seg
[2m2026-08-30T04:30:31.115332Z[0m [32m INFO[0m [2mshanshui_cunji::inverted[0m[2m:[0m 倒排刷盘完成: inverted-00000733.seg
[2m2026-08-30T04:30:31.778613Z[0m [32m INFO[0m [2mshanshui_cunji::inverted[0m[2m:[0m 倒排刷盘完成: inverted-00000734.seg
[2m2026-08-30T04:30:32.426924Z[0m [32m INFO[0m [2mshanshui_cunji::inverted[0m[2m:[0m 倒排刷盘完成: inverted-00000735.seg
[2m2026-08-30T04:30:33.067300Z[0m [32m INFO[0m [2mshanshui_cunji::inverted[0m[2m:[0m 倒排刷盘完成: inverted-00000736.seg
[2m2026-08-30T04:30:33.716487Z[0m [32m INFO[0m [2mshanshui_cunji::inverted[0m[2m:[0m 倒排刷盘完成: inverted-00000737.seg
[2m2026-08-30T04:30:34.366912Z[0m [32m INFO[0m [2mshanshui_cunji::inverted[0m[2m:[0m 倒排刷盘完成: inverted-00000738.seg
[2m2026-08-30T04:30:35.012702Z[0m [32m INFO[0m [2mshanshui_cunji::inverted[0m[2m:[0m 倒排刷盘完成: inverted-00000739.seg
[2m2026-08-30T04:30:38.196234Z[0m [32m INFO[0m [2mshanshui_cunji::column_family[0m[2m:[0m 列族 [primary] 刷盘完成: sst-00000030.sst (990452 条)
[2m2026-08-30T04:30:38.361257Z[0m [32m INFO[0m [2mshanshui_cunji::inverted[0m[2m:[0m 倒排刷盘完成: inverted-00000740.seg
[2m2026-08-30T04:30:39.035115Z[0m [32m INFO[0m [2mshanshui_cunji::inverted[0m[2m:[0m 倒排刷盘完成: inverted-00000741.seg
[2m2026-08-30T04:30:39.688622Z[0m [32m INFO[0m [2mshanshui_cunji::inverted[0m[2m:[0m 倒排刷盘完成: inverted-00000742.seg
[2m2026-08-30T04:30:40.343452Z[0m [32m INFO[0m [2mshanshui_cunji::inverted[0m[2m:[0m 倒排刷盘完成: inverted-00000743.seg
[2m2026-08-30T04:30:40.994165Z[0m [32m INFO[0m [2mshanshui_cunji::inverted[0m[2m:[0m 倒排刷盘完成: inverted-00000744.seg
[2m2026-08-30T04:30:41.647846Z[0m [32m INFO[0m [2mshanshui_cunji::inverted[0m[2m:[0m 倒排刷盘完成: inverted-00000745.seg
[2m2026-08-30T04:30:42.298803Z[0m [32m INFO[0m [2mshanshui_cunji::inverted[0m[2m:[0m 倒排刷盘完成: inverted-00000746.seg
[2m2026-08-30T04:30:42.939894Z[0m [32m INFO[0m [2mshanshui_cunji::inverted[0m[2m:[0m 倒排刷盘完成: inverted-00000747.seg
[2m2026-08-30T04:30:43.595550Z[0m [32m INFO[0m [2mshanshui_cunji::inverted[0m[2m:[0m 倒排刷盘完成: inverted-00000748.seg
[2m2026-08-30T04:30:44.258077Z[0m [32m INFO[0m [2mshanshui_cunji::inverted[0m[2m:[0m 倒排刷盘完成: inverted-00000749.seg
[2m2026-08-30T04:30:44.904605Z[0m [32m INFO[0m [2mshanshui_cunji::inverted[0m[2m:[0m 倒排刷盘完成: inverted-00000750.seg
[2m2026-08-30T04:30:45.555473Z[0m [32m INFO[0m [2mshanshui_cunji::inverted[0m[2m:[0m 倒排刷盘完成: inverted-00000751.seg
[2m2026-08-30T04:30:46.203714Z[0m [32m INFO[0m [2mshanshui_cunji::inverted[0m[2m:[0m 倒排刷盘完成: inverted-00000752.seg
[2m2026-08-30T04:30:46.860046Z[0m [32m INFO[0m [2mshanshui_cunji::inverted[0m[2m:[0m 倒排刷盘完成: inverted-00000753.seg
[2m2026-08-30T04:30:47.722393Z[0m [32m INFO[0m [2mshanshui_cunji::inverted[0m[2m:[0m 倒排刷盘完成: inverted-00000754.seg
[2m2026-08-30T04:30:48.477881Z[0m [32m INFO[0m [2mshanshui_cunji::inverted[0m[2m:[0m 倒排刷盘完成: inverted-00000755.seg
[2m2026-08-30T04:30:49.226937Z[0m [32m INFO[0m [2mshanshui_cunji::inverted[0m[2m:[0m 倒排刷盘完成: inverted-00000756.seg
[2m2026-08-30T04:30:49.969409Z[0m [32m INFO[0m [2mshanshui_cunji::inverted[0m[2m:[0m 倒排刷盘完成: inverted-00000757.seg
[2m2026-08-30T04:30:50.715903Z[0m [32m INFO[0m [2mshanshui_cunji::inverted[0m[2m:[0m 倒排刷盘完成: inverted-00000758.seg
[2m2026-08-30T04:30:51.502952Z[0m [32m INFO[0m [2mshanshui_cunji::inverted[0m[2m:[0m 倒排刷盘完成: inverted-00000759.seg
[2m2026-08-30T04:30:52.308088Z[0m [32m INFO[0m [2mshanshui_cunji::inverted[0m[2m:[0m 倒排刷盘完成: inverted-00000760.seg
[2m2026-08-30T04:30:53.080153Z[0m [32m INFO[0m [2mshanshui_cunji::inverted[0m[2m:[0m 倒排刷盘完成: inverted-00000761.seg
[2m2026-08-30T04:30:53.927217Z[0m [32m INFO[0m [2mshanshui_cunji::inverted[0m[2m:[0m 倒排刷盘完成: inverted-00000762.seg
[2m2026-08-30T04:30:54.830677Z[0m [32m INFO[0m [2mshanshui_cunji::inverted[0m[2m:[0m 倒排刷盘完成: inverted-00000763.seg
[2m2026-08-30T04:30:55.795837Z[0m [32m INFO[0m [2mshanshui_cunji::inverted[0m[2m:[0m 倒排刷盘完成: inverted-00000764.seg
[2m2026-08-30T04:30:59.144216Z[0m [32m INFO[0m [2mshanshui_cunji::column_family[0m[2m:[0m 列族 [primary] 刷盘完成: sst-00000031.sst (990452 条)
[2m2026-08-30T04:30:59.576858Z[0m [32m INFO[0m [2mshanshui_cunji::inverted[0m[2m:[0m 倒排刷盘完成: inverted-00000765.seg
[2m2026-08-30T04:31:00.458415Z[0m [32m INFO[0m [2mshanshui_cunji::inverted[0m[2m:[0m 倒排刷盘完成: inverted-00000766.seg
[2m2026-08-30T04:31:01.288981Z[0m [32m INFO[0m [2mshanshui_cunji::inverted[0m[2m:[0m 倒排刷盘完成: inverted-00000767.seg
[2m2026-08-30T04:31:02.152197Z[0m [32m INFO[0m [2mshanshui_cunji::inverted[0m[2m:[0m 倒排刷盘完成: inverted-00000768.seg
[2m2026-08-30T04:31:02.921509Z[0m [32m INFO[0m [2mshanshui_cunji::inverted[0m[2m:[0m 倒排刷盘完成: inverted-00000769.seg
[2m2026-08-30T04:31:03.756392Z[0m [32m INFO[0m [2mshanshui_cunji::inverted[0m[2m:[0m 倒排刷盘完成: inverted-00000770.seg
[2m2026-08-30T04:31:04.512888Z[0m [32m INFO[0m [2mshanshui_cunji::inverted[0m[2m:[0m 倒排刷盘完成: inverted-00000771.seg
[2m2026-08-30T04:31:05.344326Z[0m [32m INFO[0m [2mshanshui_cunji::inverted[0m[2m:[0m 倒排刷盘完成: inverted-00000772.seg
[2m2026-08-30T04:31:06.267243Z[0m [32m INFO[0m [2mshanshui_cunji::inverted[0m[2m:[0m 倒排刷盘完成: inverted-00000773.seg
[2m2026-08-30T04:31:07.168071Z[0m [32m INFO[0m [2mshanshui_cunji::inverted[0m[2m:[0m 倒排刷盘完成: inverted-00000774.seg
[2m2026-08-30T04:31:07.936805Z[0m [32m INFO[0m [2mshanshui_cunji::inverted[0m[2m:[0m 倒排刷盘完成: inverted-00000775.seg
[2m2026-08-30T04:31:08.715760Z[0m [32m INFO[0m [2mshanshui_cunji::inverted[0m[2m:[0m 倒排刷盘完成: inverted-00000776.seg
[2m2026-08-30T04:31:09.468588Z[0m [32m INFO[0m [2mshanshui_cunji::inverted[0m[2m:[0m 倒排刷盘完成: inverted-00000777.seg
[2m2026-08-30T04:31:10.234687Z[0m [32m INFO[0m [2mshanshui_cunji::inverted[0m[2m:[0m 倒排刷盘完成: inverted-00000778.seg
[2m2026-08-30T04:31:11.047204Z[0m [32m INFO[0m [2mshanshui_cunji::inverted[0m[2m:[0m 倒排刷盘完成: inverted-00000779.seg
[2m2026-08-30T04:31:11.862410Z[0m [32m INFO[0m [2mshanshui_cunji::inverted[0m[2m:[0m 倒排刷盘完成: inverted-00000780.seg
[2m2026-08-30T04:31:12.633850Z[0m [32m INFO[0m [2mshanshui_cunji::inverted[0m[2m:[0m 倒排刷盘完成: inverted-00000781.seg
[2m2026-08-30T04:31:13.454747Z[0m [32m INFO[0m [2mshanshui_cunji::inverted[0m[2m:[0m 倒排刷盘完成: inverted-00000782.seg
[2m2026-08-30T04:31:14.233612Z[0m [32m INFO[0m [2mshanshui_cunji::inverted[0m[2m:[0m 倒排刷盘完成: inverted-00000783.seg
[2m2026-08-30T04:31:15.026707Z[0m [32m INFO[0m [2mshanshui_cunji::inverted[0m[2m:[0m 倒排刷盘完成: inverted-00000784.seg
[2m2026-08-30T04:31:15.773874Z[0m [32m INFO[0m [2mshanshui_cunji::inverted[0m[2m:[0m 倒排刷盘完成: inverted-00000785.seg
[2m2026-08-30T04:31:16.526825Z[0m [32m INFO[0m [2mshanshui_cunji::inverted[0m[2m:[0m 倒排刷盘完成: inverted-00000786.seg
[2m2026-08-30T04:31:17.185350Z[0m [32m INFO[0m [2mshanshui_cunji::inverted[0m[2m:[0m 倒排刷盘完成: inverted-00000787.seg
[2m2026-08-30T04:31:17.843273Z[0m [32m INFO[0m [2mshanshui_cunji::inverted[0m[2m:[0m 倒排刷盘完成: inverted-00000788.seg
[2m2026-08-30T04:31:18.560899Z[0m [32m INFO[0m [2mshanshui_cunji::inverted[0m[2m:[0m 倒排刷盘完成: inverted-00000789.seg
[2m2026-08-30T04:31:21.252673Z[0m [32m INFO[0m [2mshanshui_cunji::column_family[0m[2m:[0m 列族 [primary] 刷盘完成: sst-00000032.sst (990452 条)
[2m2026-08-30T04:31:22.043251Z[0m [32m INFO[0m [2mshanshui_cunji::inverted[0m[2m:[0m 倒排刷盘完成: inverted-00000790.seg
[2m2026-08-30T04:31:22.729322Z[0m [32m INFO[0m [2mshanshui_cunji::inverted[0m[2m:[0m 倒排刷盘完成: inverted-00000791.seg
[2m2026-08-30T04:31:23.398070Z[0m [32m INFO[0m [2mshanshui_cunji::inverted[0m[2m:[0m 倒排刷盘完成: inverted-00000792.seg
[2m2026-08-30T04:31:24.089587Z[0m [32m INFO[0m [2mshanshui_cunji::inverted[0m[2m:[0m 倒排刷盘完成: inverted-00000793.seg
[2m2026-08-30T04:31:24.862222Z[0m [32m INFO[0m [2mshanshui_cunji::inverted[0m[2m:[0m 倒排刷盘完成: inverted-00000794.seg
[2m2026-08-30T04:31:25.537189Z[0m [32m INFO[0m [2mshanshui_cunji::inverted[0m[2m:[0m 倒排刷盘完成: inverted-00000795.seg
[2m2026-08-30T04:31:26.246094Z[0m [32m INFO[0m [2mshanshui_cunji::inverted[0m[2m:[0m 倒排刷盘完成: inverted-00000796.seg
[2m2026-08-30T04:31:26.921920Z[0m [32m INFO[0m [2mshanshui_cunji::inverted[0m[2m:[0m 倒排刷盘完成: inverted-00000797.seg
[2m2026-08-30T04:31:27.720986Z[0m [32m INFO[0m [2mshanshui_cunji::inverted[0m[2m:[0m 倒排刷盘完成: inverted-00000798.seg
[2m2026-08-30T04:31:28.403944Z[0m [32m INFO[0m [2mshanshui_cunji::inverted[0m[2m:[0m 倒排刷盘完成: inverted-00000799.seg
[2m2026-08-30T04:31:29.222414Z[0m [32m INFO[0m [2mshanshui_cunji::inverted[0m[2m:[0m 倒排刷盘完成: inverted-00000800.seg
[2m2026-08-30T04:31:30.101002Z[0m [32m INFO[0m [2mshanshui_cunji::inverted[0m[2m:[0m 倒排刷盘完成: inverted-00000801.seg
[2m2026-08-30T04:31:30.812677Z[0m [32m INFO[0m [2mshanshui_cunji::inverted[0m[2m:[0m 倒排刷盘完成: inverted-00000802.seg
[2m2026-08-30T04:31:31.465094Z[0m [32m INFO[0m [2mshanshui_cunji::inverted[0m[2m:[0m 倒排刷盘完成: inverted-00000803.seg
[2m2026-08-30T04:31:32.134557Z[0m [32m INFO[0m [2mshanshui_cunji::inverted[0m[2m:[0m 倒排刷盘完成: inverted-00000804.seg
[2m2026-08-30T04:31:32.862667Z[0m [32m INFO[0m [2mshanshui_cunji::inverted[0m[2m:[0m 倒排刷盘完成: inverted-00000805.seg
[2m2026-08-30T04:31:33.528367Z[0m [32m INFO[0m [2mshanshui_cunji::inverted[0m[2m:[0m 倒排刷盘完成: inverted-00000806.seg
[2m2026-08-30T04:31:34.178215Z[0m [32m INFO[0m [2mshanshui_cunji::inverted[0m[2m:[0m 倒排刷盘完成: inverted-00000807.seg
[2m2026-08-30T04:31:34.840281Z[0m [32m INFO[0m [2mshanshui_cunji::inverted[0m[2m:[0m 倒排刷盘完成: inverted-00000808.seg
[2m2026-08-30T04:31:35.579125Z[0m [32m INFO[0m [2mshanshui_cunji::inverted[0m[2m:[0m 倒排刷盘完成: inverted-00000809.seg
[2m2026-08-30T04:31:36.294361Z[0m [32m INFO[0m [2mshanshui_cunji::inverted[0m[2m:[0m 倒排刷盘完成: inverted-00000810.seg
[2m2026-08-30T04:31:37.007036Z[0m [32m INFO[0m [2mshanshui_cunji::inverted[0m[2m:[0m 倒排刷盘完成: inverted-00000811.seg
[2m2026-08-30T04:31:37.752498Z[0m [32m INFO[0m [2mshanshui_cunji::inverted[0m[2m:[0m 倒排刷盘完成: inverted-00000812.seg
[2m2026-08-30T04:31:38.510831Z[0m [32m INFO[0m [2mshanshui_cunji::inverted[0m[2m:[0m 倒排刷盘完成: inverted-00000813.seg
[2m2026-08-30T04:31:41.977659Z[0m [32m INFO[0m [2mshanshui_cunji::column_family[0m[2m:[0m 列族 [primary] 刷盘完成: sst-00000033.sst (990452 条)
[2m2026-08-30T04:31:42.314266Z[0m [32m INFO[0m [2mshanshui_cunji::inverted[0m[2m:[0m 倒排刷盘完成: inverted-00000814.seg
[2m2026-08-30T04:31:42.996214Z[0m [32m INFO[0m [2mshanshui_cunji::inverted[0m[2m:[0m 倒排刷盘完成: inverted-00000815.seg
[2m2026-08-30T04:31:43.647474Z[0m [32m INFO[0m [2mshanshui_cunji::inverted[0m[2m:[0m 倒排刷盘完成: inverted-00000816.seg
[2m2026-08-30T04:31:44.326383Z[0m [32m INFO[0m [2mshanshui_cunji::inverted[0m[2m:[0m 倒排刷盘完成: inverted-00000817.seg
[2m2026-08-30T04:31:44.995495Z[0m [32m INFO[0m [2mshanshui_cunji::inverted[0m[2m:[0m 倒排刷盘完成: inverted-00000818.seg
[2m2026-08-30T04:31:45.648277Z[0m [32m INFO[0m [2mshanshui_cunji::inverted[0m[2m:[0m 倒排刷盘完成: inverted-00000819.seg
[2m2026-08-30T04:31:46.302374Z[0m [32m INFO[0m [2mshanshui_cunji::inverted[0m[2m:[0m 倒排刷盘完成: inverted-00000820.seg
[2m2026-08-30T04:31:46.963853Z[0m [32m INFO[0m [2mshanshui_cunji::inverted[0m[2m:[0m 倒排刷盘完成: inverted-00000821.seg
[2m2026-08-30T04:31:47.614428Z[0m [32m INFO[0m [2mshanshui_cunji::inverted[0m[2m:[0m 倒排刷盘完成: inverted-00000822.seg
[2m2026-08-30T04:31:48.268824Z[0m [32m INFO[0m [2mshanshui_cunji::inverted[0m[2m:[0m 倒排刷盘完成: inverted-00000823.seg
[2m2026-08-30T04:31:48.928062Z[0m [32m INFO[0m [2mshanshui_cunji::inverted[0m[2m:[0m 倒排刷盘完成: inverted-00000824.seg
[2m2026-08-30T04:31:49.574134Z[0m [32m INFO[0m [2mshanshui_cunji::inverted[0m[2m:[0m 倒排刷盘完成: inverted-00000825.seg
[2m2026-08-30T04:31:50.244274Z[0m [32m INFO[0m [2mshanshui_cunji::inverted[0m[2m:[0m 倒排刷盘完成: inverted-00000826.seg
[2m2026-08-30T04:31:50.897217Z[0m [32m INFO[0m [2mshanshui_cunji::inverted[0m[2m:[0m 倒排刷盘完成: inverted-00000827.seg
[2m2026-08-30T04:31:51.558435Z[0m [32m INFO[0m [2mshanshui_cunji::inverted[0m[2m:[0m 倒排刷盘完成: inverted-00000828.seg
[2m2026-08-30T04:31:52.218015Z[0m [32m INFO[0m [2mshanshui_cunji::inverted[0m[2m:[0m 倒排刷盘完成: inverted-00000829.seg
[2m2026-08-30T04:31:52.875842Z[0m [32m INFO[0m [2mshanshui_cunji::inverted[0m[2m:[0m 倒排刷盘完成: inverted-00000830.seg
[2m2026-08-30T04:31:53.527167Z[0m [32m INFO[0m [2mshanshui_cunji::inverted[0m[2m:[0m 倒排刷盘完成: inverted-00000831.seg
[2m2026-08-30T04:31:54.193508Z[0m [32m INFO[0m [2mshanshui_cunji::inverted[0m[2m:[0m 倒排刷盘完成: inverted-00000832.seg
[2m2026-08-30T04:31:54.845605Z[0m [32m INFO[0m [2mshanshui_cunji::inverted[0m[2m:[0m 倒排刷盘完成: inverted-00000833.seg
[2m2026-08-30T04:31:55.538325Z[0m [32m INFO[0m [2mshanshui_cunji::inverted[0m[2m:[0m 倒排刷盘完成: inverted-00000834.seg
[2m2026-08-30T04:31:56.194883Z[0m [32m INFO[0m [2mshanshui_cunji::inverted[0m[2m:[0m 倒排刷盘完成: inverted-00000835.seg
[2m2026-08-30T04:31:56.848110Z[0m [32m INFO[0m [2mshanshui_cunji::inverted[0m[2m:[0m 倒排刷盘完成: inverted-00000836.seg
[2m2026-08-30T04:31:57.502468Z[0m [32m INFO[0m [2mshanshui_cunji::inverted[0m[2m:[0m 倒排刷盘完成: inverted-00000837.seg
[2m2026-08-30T04:31:58.162883Z[0m [32m INFO[0m [2mshanshui_cunji::inverted[0m[2m:[0m 倒排刷盘完成: inverted-00000838.seg
[2m2026-08-30T04:32:00.999634Z[0m [32m INFO[0m [2mshanshui_cunji::column_family[0m[2m:[0m 列族 [primary] 刷盘完成: sst-00000034.sst (990452 条)
[2m2026-08-30T04:32:01.618064Z[0m [32m INFO[0m [2mshanshui_cunji::inverted[0m[2m:[0m 倒排刷盘完成: inverted-00000839.seg
[2m2026-08-30T04:32:02.292704Z[0m [32m INFO[0m [2mshanshui_cunji::inverted[0m[2m:[0m 倒排刷盘完成: inverted-00000840.seg
[2m2026-08-30T04:32:02.957916Z[0m [32m INFO[0m [2mshanshui_cunji::inverted[0m[2m:[0m 倒排刷盘完成: inverted-00000841.seg
[2m2026-08-30T04:32:03.616025Z[0m [32m INFO[0m [2mshanshui_cunji::inverted[0m[2m:[0m 倒排刷盘完成: inverted-00000842.seg
[2m2026-08-30T04:32:04.280538Z[0m [32m INFO[0m [2mshanshui_cunji::inverted[0m[2m:[0m 倒排刷盘完成: inverted-00000843.seg
[2m2026-08-30T04:32:04.971094Z[0m [32m INFO[0m [2mshanshui_cunji::inverted[0m[2m:[0m 倒排刷盘完成: inverted-00000844.seg
[2m2026-08-30T04:32:05.615085Z[0m [32m INFO[0m [2mshanshui_cunji::inverted[0m[2m:[0m 倒排刷盘完成: inverted-00000845.seg
[2m2026-08-30T04:32:06.271690Z[0m [32m INFO[0m [2mshanshui_cunji::inverted[0m[2m:[0m 倒排刷盘完成: inverted-00000846.seg
[2m2026-08-30T04:32:06.946579Z[0m [32m INFO[0m [2mshanshui_cunji::inverted[0m[2m:[0m 倒排刷盘完成: inverted-00000847.seg
[2m2026-08-30T04:32:07.650594Z[0m [32m INFO[0m [2mshanshui_cunji::inverted[0m[2m:[0m 倒排刷盘完成: inverted-00000848.seg
[2m2026-08-30T04:32:08.312580Z[0m [32m INFO[0m [2mshanshui_cunji::inverted[0m[2m:[0m 倒排刷盘完成: inverted-00000849.seg
[2m2026-08-30T04:32:08.963705Z[0m [32m INFO[0m [2mshanshui_cunji::inverted[0m[2m:[0m 倒排刷盘完成: inverted-00000850.seg
[2m2026-08-30T04:32:09.605750Z[0m [32m INFO[0m [2mshanshui_cunji::inverted[0m[2m:[0m 倒排刷盘完成: inverted-00000851.seg
[2m2026-08-30T04:32:10.259256Z[0m [32m INFO[0m [2mshanshui_cunji::inverted[0m[2m:[0m 倒排刷盘完成: inverted-00000852.seg
[2m2026-08-30T04:32:10.904385Z[0m [32m INFO[0m [2mshanshui_cunji::inverted[0m[2m:[0m 倒排刷盘完成: inverted-00000853.seg
[2m2026-08-30T04:32:11.553996Z[0m [32m INFO[0m [2mshanshui_cunji::inverted[0m[2m:[0m 倒排刷盘完成: inverted-00000854.seg
[2m2026-08-30T04:32:12.206943Z[0m [32m INFO[0m [2mshanshui_cunji::inverted[0m[2m:[0m 倒排刷盘完成: inverted-00000855.seg
[2m2026-08-30T04:32:12.859816Z[0m [32m INFO[0m [2mshanshui_cunji::inverted[0m[2m:[0m 倒排刷盘完成: inverted-00000856.seg
[2m2026-08-30T04:32:13.509529Z[0m [32m INFO[0m [2mshanshui_cunji::inverted[0m[2m:[0m 倒排刷盘完成: inverted-00000857.seg
[2m2026-08-30T04:32:14.160744Z[0m [32m INFO[0m [2mshanshui_cunji::inverted[0m[2m:[0m 倒排刷盘完成: inverted-00000858.seg
[2m2026-08-30T04:32:14.808835Z[0m [32m INFO[0m [2mshanshui_cunji::inverted[0m[2m:[0m 倒排刷盘完成: inverted-00000859.seg
[2m2026-08-30T04:32:15.474425Z[0m [32m INFO[0m [2mshanshui_cunji::inverted[0m[2m:[0m 倒排刷盘完成: inverted-00000860.seg
[2m2026-08-30T04:32:16.175373Z[0m [32m INFO[0m [2mshanshui_cunji::inverted[0m[2m:[0m 倒排刷盘完成: inverted-00000861.seg
[2m2026-08-30T04:32:16.829347Z[0m [32m INFO[0m [2mshanshui_cunji::inverted[0m[2m:[0m 倒排刷盘完成: inverted-00000862.seg
[2m2026-08-30T04:32:19.967912Z[0m [32m INFO[0m [2mshanshui_cunji::column_family[0m[2m:[0m 列族 [primary] 刷盘完成: sst-00000035.sst (990452 条)
[2m2026-08-30T04:32:20.239623Z[0m [32m INFO[0m [2mshanshui_cunji::inverted[0m[2m:[0m 倒排刷盘完成: inverted-00000863.seg
[2m2026-08-30T04:32:20.921043Z[0m [32m INFO[0m [2mshanshui_cunji::inverted[0m[2m:[0m 倒排刷盘完成: inverted-00000864.seg
[2m2026-08-30T04:32:21.584455Z[0m [32m INFO[0m [2mshanshui_cunji::inverted[0m[2m:[0m 倒排刷盘完成: inverted-00000865.seg
[2m2026-08-30T04:32:22.247695Z[0m [32m INFO[0m [2mshanshui_cunji::inverted[0m[2m:[0m 倒排刷盘完成: inverted-00000866.seg
[2m2026-08-30T04:32:22.911673Z[0m [32m INFO[0m [2mshanshui_cunji::inverted[0m[2m:[0m 倒排刷盘完成: inverted-00000867.seg
[2m2026-08-30T04:32:23.564959Z[0m [32m INFO[0m [2mshanshui_cunji::inverted[0m[2m:[0m 倒排刷盘完成: inverted-00000868.seg
[2m2026-08-30T04:32:24.265955Z[0m [32m INFO[0m [2mshanshui_cunji::inverted[0m[2m:[0m 倒排刷盘完成: inverted-00000869.seg
[2m2026-08-30T04:32:24.924822Z[0m [32m INFO[0m [2mshanshui_cunji::inverted[0m[2m:[0m 倒排刷盘完成: inverted-00000870.seg
[2m2026-08-30T04:32:25.567790Z[0m [32m INFO[0m [2mshanshui_cunji::inverted[0m[2m:[0m 倒排刷盘完成: inverted-00000871.seg
[2m2026-08-30T04:32:26.219377Z[0m [32m INFO[0m [2mshanshui_cunji::inverted[0m[2m:[0m 倒排刷盘完成: inverted-00000872.seg
[2m2026-08-30T04:32:26.869760Z[0m [32m INFO[0m [2mshanshui_cunji::inverted[0m[2m:[0m 倒排刷盘完成: inverted-00000873.seg
[2m2026-08-30T04:32:27.519017Z[0m [32m INFO[0m [2mshanshui_cunji::inverted[0m[2m:[0m 倒排刷盘完成: inverted-00000874.seg
[2m2026-08-30T04:32:28.176810Z[0m [32m INFO[0m [2mshanshui_cunji::inverted[0m[2m:[0m 倒排刷盘完成: inverted-00000875.seg
[2m2026-08-30T04:32:28.823444Z[0m [32m INFO[0m [2mshanshui_cunji::inverted[0m[2m:[0m 倒排刷盘完成: inverted-00000876.seg
[2m2026-08-30T04:32:29.470286Z[0m [32m INFO[0m [2mshanshui_cunji::inverted[0m[2m:[0m 倒排刷盘完成: inverted-00000877.seg
[2m2026-08-30T04:32:30.119690Z[0m [32m INFO[0m [2mshanshui_cunji::inverted[0m[2m:[0m 倒排刷盘完成: inverted-00000878.seg
[2m2026-08-30T04:32:30.765890Z[0m [32m INFO[0m [2mshanshui_cunji::inverted[0m[2m:[0m 倒排刷盘完成: inverted-00000879.seg
[2m2026-08-30T04:32:31.419767Z[0m [32m INFO[0m [2mshanshui_cunji::inverted[0m[2m:[0m 倒排刷盘完成: inverted-00000880.seg
[2m2026-08-30T04:32:32.074837Z[0m [32m INFO[0m [2mshanshui_cunji::inverted[0m[2m:[0m 倒排刷盘完成: inverted-00000881.seg
[2m2026-08-30T04:32:32.724235Z[0m [32m INFO[0m [2mshanshui_cunji::inverted[0m[2m:[0m 倒排刷盘完成: inverted-00000882.seg
[2m2026-08-30T04:32:33.380223Z[0m [32m INFO[0m [2mshanshui_cunji::inverted[0m[2m:[0m 倒排刷盘完成: inverted-00000883.seg
[2m2026-08-30T04:32:34.033652Z[0m [32m INFO[0m [2mshanshui_cunji::inverted[0m[2m:[0m 倒排刷盘完成: inverted-00000884.seg
[2m2026-08-30T04:32:34.688139Z[0m [32m INFO[0m [2mshanshui_cunji::inverted[0m[2m:[0m 倒排刷盘完成: inverted-00000885.seg
[2m2026-08-30T04:32:35.348926Z[0m [32m INFO[0m [2mshanshui_cunji::inverted[0m[2m:[0m 倒排刷盘完成: inverted-00000886.seg
[2m2026-08-30T04:32:36.007406Z[0m [32m INFO[0m [2mshanshui_cunji::inverted[0m[2m:[0m 倒排刷盘完成: inverted-00000887.seg
[2m2026-08-30T04:32:38.838752Z[0m [32m INFO[0m [2mshanshui_cunji::column_family[0m[2m:[0m 列族 [primary] 刷盘完成: sst-00000036.sst (990452 条)
[2m2026-08-30T04:32:39.375564Z[0m [32m INFO[0m [2mshanshui_cunji::inverted[0m[2m:[0m 倒排刷盘完成: inverted-00000888.seg
[2m2026-08-30T04:32:40.048308Z[0m [32m INFO[0m [2mshanshui_cunji::inverted[0m[2m:[0m 倒排刷盘完成: inverted-00000889.seg
[2m2026-08-30T04:32:40.703656Z[0m [32m INFO[0m [2mshanshui_cunji::inverted[0m[2m:[0m 倒排刷盘完成: inverted-00000890.seg
[2m2026-08-30T04:32:41.360230Z[0m [32m INFO[0m [2mshanshui_cunji::inverted[0m[2m:[0m 倒排刷盘完成: inverted-00000891.seg
[2m2026-08-30T04:32:42.021606Z[0m [32m INFO[0m [2mshanshui_cunji::inverted[0m[2m:[0m 倒排刷盘完成: inverted-00000892.seg
[2m2026-08-30T04:32:42.672606Z[0m [32m INFO[0m [2mshanshui_cunji::inverted[0m[2m:[0m 倒排刷盘完成: inverted-00000893.seg
[2m2026-08-30T04:32:43.326409Z[0m [32m INFO[0m [2mshanshui_cunji::inverted[0m[2m:[0m 倒排刷盘完成: inverted-00000894.seg
[2m2026-08-30T04:32:43.980265Z[0m [32m INFO[0m [2mshanshui_cunji::inverted[0m[2m:[0m 倒排刷盘完成: inverted-00000895.seg
[2m2026-08-30T04:32:44.642406Z[0m [32m INFO[0m [2mshanshui_cunji::inverted[0m[2m:[0m 倒排刷盘完成: inverted-00000896.seg
[2m2026-08-30T04:32:45.298084Z[0m [32m INFO[0m [2mshanshui_cunji::inverted[0m[2m:[0m 倒排刷盘完成: inverted-00000897.seg
[2m2026-08-30T04:32:45.955773Z[0m [32m INFO[0m [2mshanshui_cunji::inverted[0m[2m:[0m 倒排刷盘完成: inverted-00000898.seg
[2m2026-08-30T04:32:46.650289Z[0m [32m INFO[0m [2mshanshui_cunji::inverted[0m[2m:[0m 倒排刷盘完成: inverted-00000899.seg
[2m2026-08-30T04:32:47.308039Z[0m [32m INFO[0m [2mshanshui_cunji::inverted[0m[2m:[0m 倒排刷盘完成: inverted-00000900.seg
[2m2026-08-30T04:32:47.966186Z[0m [32m INFO[0m [2mshanshui_cunji::inverted[0m[2m:[0m 倒排刷盘完成: inverted-00000901.seg
[2m2026-08-30T04:32:48.616339Z[0m [32m INFO[0m [2mshanshui_cunji::inverted[0m[2m:[0m 倒排刷盘完成: inverted-00000902.seg
[2m2026-08-30T04:32:49.273490Z[0m [32m INFO[0m [2mshanshui_cunji::inverted[0m[2m:[0m 倒排刷盘完成: inverted-00000903.seg
[2m2026-08-30T04:32:49.929306Z[0m [32m INFO[0m [2mshanshui_cunji::inverted[0m[2m:[0m 倒排刷盘完成: inverted-00000904.seg
[2m2026-08-30T04:32:50.584554Z[0m [32m INFO[0m [2mshanshui_cunji::inverted[0m[2m:[0m 倒排刷盘完成: inverted-00000905.seg
[2m2026-08-30T04:32:51.299462Z[0m [32m INFO[0m [2mshanshui_cunji::inverted[0m[2m:[0m 倒排刷盘完成: inverted-00000906.seg
[2m2026-08-30T04:32:51.970281Z[0m [32m INFO[0m [2mshanshui_cunji::inverted[0m[2m:[0m 倒排刷盘完成: inverted-00000907.seg
[2m2026-08-30T04:32:52.620973Z[0m [32m INFO[0m [2mshanshui_cunji::inverted[0m[2m:[0m 倒排刷盘完成: inverted-00000908.seg
[2m2026-08-30T04:32:53.285573Z[0m [32m INFO[0m [2mshanshui_cunji::inverted[0m[2m:[0m 倒排刷盘完成: inverted-00000909.seg
[2m2026-08-30T04:32:53.946586Z[0m [32m INFO[0m [2mshanshui_cunji::inverted[0m[2m:[0m 倒排刷盘完成: inverted-00000910.seg
[2m2026-08-30T04:32:54.606579Z[0m [32m INFO[0m [2mshanshui_cunji::inverted[0m[2m:[0m 倒排刷盘完成: inverted-00000911.seg
[2m2026-08-30T04:32:57.966911Z[0m [32m INFO[0m [2mshanshui_cunji::column_family[0m[2m:[0m 列族 [primary] 刷盘完成: sst-00000037.sst (990452 条)
[2m2026-08-30T04:32:58.182918Z[0m [32m INFO[0m [2mshanshui_cunji::inverted[0m[2m:[0m 倒排刷盘完成: inverted-00000912.seg
[2m2026-08-30T04:32:58.933064Z[0m [32m INFO[0m [2mshanshui_cunji::inverted[0m[2m:[0m 倒排刷盘完成: inverted-00000913.seg
[2m2026-08-30T04:32:59.598710Z[0m [32m INFO[0m [2mshanshui_cunji::inverted[0m[2m:[0m 倒排刷盘完成: inverted-00000914.seg
[2m2026-08-30T04:33:00.278341Z[0m [32m INFO[0m [2mshanshui_cunji::inverted[0m[2m:[0m 倒排刷盘完成: inverted-00000915.seg
[2m2026-08-30T04:33:00.942460Z[0m [32m INFO[0m [2mshanshui_cunji::inverted[0m[2m:[0m 倒排刷盘完成: inverted-00000916.seg
[2m2026-08-30T04:33:01.601580Z[0m [32m INFO[0m [2mshanshui_cunji::inverted[0m[2m:[0m 倒排刷盘完成: inverted-00000917.seg
[2m2026-08-30T04:33:02.266213Z[0m [32m INFO[0m [2mshanshui_cunji::inverted[0m[2m:[0m 倒排刷盘完成: inverted-00000918.seg
[2m2026-08-30T04:33:02.928785Z[0m [32m INFO[0m [2mshanshui_cunji::inverted[0m[2m:[0m 倒排刷盘完成: inverted-00000919.seg
[2m2026-08-30T04:33:03.585742Z[0m [32m INFO[0m [2mshanshui_cunji::inverted[0m[2m:[0m 倒排刷盘完成: inverted-00000920.seg
[2m2026-08-30T04:33:04.247931Z[0m [32m INFO[0m [2mshanshui_cunji::inverted[0m[2m:[0m 倒排刷盘完成: inverted-00000921.seg
[2m2026-08-30T04:33:04.923764Z[0m [32m INFO[0m [2mshanshui_cunji::inverted[0m[2m:[0m 倒排刷盘完成: inverted-00000922.seg
[2m2026-08-30T04:33:05.574598Z[0m [32m INFO[0m [2mshanshui_cunji::inverted[0m[2m:[0m 倒排刷盘完成: inverted-00000923.seg
[2m2026-08-30T04:33:06.236479Z[0m [32m INFO[0m [2mshanshui_cunji::inverted[0m[2m:[0m 倒排刷盘完成: inverted-00000924.seg
[2m2026-08-30T04:33:06.894908Z[0m [32m INFO[0m [2mshanshui_cunji::inverted[0m[2m:[0m 倒排刷盘完成: inverted-00000925.seg
[2m2026-08-30T04:33:07.551330Z[0m [32m INFO[0m [2mshanshui_cunji::inverted[0m[2m:[0m 倒排刷盘完成: inverted-00000926.seg
[2m2026-08-30T04:33:08.265366Z[0m [32m INFO[0m [2mshanshui_cunji::inverted[0m[2m:[0m 倒排刷盘完成: inverted-00000927.seg
[2m2026-08-30T04:33:08.947468Z[0m [32m INFO[0m [2mshanshui_cunji::inverted[0m[2m:[0m 倒排刷盘完成: inverted-00000928.seg
[2m2026-08-30T04:33:09.596229Z[0m [32m INFO[0m [2mshanshui_cunji::inverted[0m[2m:[0m 倒排刷盘完成: inverted-00000929.seg
[2m2026-08-30T04:33:10.262228Z[0m [32m INFO[0m [2mshanshui_cunji::inverted[0m[2m:[0m 倒排刷盘完成: inverted-00000930.seg
[2m2026-08-30T04:33:10.921219Z[0m [32m INFO[0m [2mshanshui_cunji::inverted[0m[2m:[0m 倒排刷盘完成: inverted-00000931.seg
[2m2026-08-30T04:33:11.574366Z[0m [32m INFO[0m [2mshanshui_cunji::inverted[0m[2m:[0m 倒排刷盘完成: inverted-00000932.seg
[2m2026-08-30T04:33:12.237243Z[0m [32m INFO[0m [2mshanshui_cunji::inverted[0m[2m:[0m 倒排刷盘完成: inverted-00000933.seg
[2m2026-08-30T04:33:12.895486Z[0m [32m INFO[0m [2mshanshui_cunji::inverted[0m[2m:[0m 倒排刷盘完成: inverted-00000934.seg
[2m2026-08-30T04:33:13.553406Z[0m [32m INFO[0m [2mshanshui_cunji::inverted[0m[2m:[0m 倒排刷盘完成: inverted-00000935.seg
[2m2026-08-30T04:33:14.217812Z[0m [32m INFO[0m [2mshanshui_cunji::inverted[0m[2m:[0m 倒排刷盘完成: inverted-00000936.seg
[2m2026-08-30T04:33:17.121097Z[0m [32m INFO[0m [2mshanshui_cunji::column_family[0m[2m:[0m 列族 [primary] 刷盘完成: sst-00000038.sst (990452 条)
[2m2026-08-30T04:33:17.580166Z[0m [32m INFO[0m [2mshanshui_cunji::inverted[0m[2m:[0m 倒排刷盘完成: inverted-00000937.seg
[2m2026-08-30T04:33:18.261885Z[0m [32m INFO[0m [2mshanshui_cunji::inverted[0m[2m:[0m 倒排刷盘完成: inverted-00000938.seg
[2m2026-08-30T04:33:18.916666Z[0m [32m INFO[0m [2mshanshui_cunji::inverted[0m[2m:[0m 倒排刷盘完成: inverted-00000939.seg
[2m2026-08-30T04:33:19.577815Z[0m [32m INFO[0m [2mshanshui_cunji::inverted[0m[2m:[0m 倒排刷盘完成: inverted-00000940.seg
[2m2026-08-30T04:33:20.237045Z[0m [32m INFO[0m [2mshanshui_cunji::inverted[0m[2m:[0m 倒排刷盘完成: inverted-00000941.seg
[2m2026-08-30T04:33:20.885154Z[0m [32m INFO[0m [2mshanshui_cunji::inverted[0m[2m:[0m 倒排刷盘完成: inverted-00000942.seg
[2m2026-08-30T04:33:21.547032Z[0m [32m INFO[0m [2mshanshui_cunji::inverted[0m[2m:[0m 倒排刷盘完成: inverted-00000943.seg
[2m2026-08-30T04:33:22.192777Z[0m [32m INFO[0m [2mshanshui_cunji::inverted[0m[2m:[0m 倒排刷盘完成: inverted-00000944.seg
[2m2026-08-30T04:33:22.842776Z[0m [32m INFO[0m [2mshanshui_cunji::inverted[0m[2m:[0m 倒排刷盘完成: inverted-00000945.seg
[2m2026-08-30T04:33:23.493176Z[0m [32m INFO[0m [2mshanshui_cunji::inverted[0m[2m:[0m 倒排刷盘完成: inverted-00000946.seg
[2m2026-08-30T04:33:24.143557Z[0m [32m INFO[0m [2mshanshui_cunji::inverted[0m[2m:[0m 倒排刷盘完成: inverted-00000947.seg
[2m2026-08-30T04:33:24.799227Z[0m [32m INFO[0m [2mshanshui_cunji::inverted[0m[2m:[0m 倒排刷盘完成: inverted-00000948.seg
[2m2026-08-30T04:33:25.446340Z[0m [32m INFO[0m [2mshanshui_cunji::inverted[0m[2m:[0m 倒排刷盘完成: inverted-00000949.seg
[2m2026-08-30T04:33:26.092803Z[0m [32m INFO[0m [2mshanshui_cunji::inverted[0m[2m:[0m 倒排刷盘完成: inverted-00000950.seg
[2m2026-08-30T04:33:26.750617Z[0m [32m INFO[0m [2mshanshui_cunji::inverted[0m[2m:[0m 倒排刷盘完成: inverted-00000951.seg
[2m2026-08-30T04:33:27.398888Z[0m [32m INFO[0m [2mshanshui_cunji::inverted[0m[2m:[0m 倒排刷盘完成: inverted-00000952.seg
[2m2026-08-30T04:33:28.050806Z[0m [32m INFO[0m [2mshanshui_cunji::inverted[0m[2m:[0m 倒排刷盘完成: inverted-00000953.seg
[2m2026-08-30T04:33:28.703487Z[0m [32m INFO[0m [2mshanshui_cunji::inverted[0m[2m:[0m 倒排刷盘完成: inverted-00000954.seg
[2m2026-08-30T04:33:29.360075Z[0m [32m INFO[0m [2mshanshui_cunji::inverted[0m[2m:[0m 倒排刷盘完成: inverted-00000955.seg
[2m2026-08-30T04:33:30.017254Z[0m [32m INFO[0m [2mshanshui_cunji::inverted[0m[2m:[0m 倒排刷盘完成: inverted-00000956.seg
[2m2026-08-30T04:33:30.669216Z[0m [32m INFO[0m [2mshanshui_cunji::inverted[0m[2m:[0m 倒排刷盘完成: inverted-00000957.seg
[2m2026-08-30T04:33:31.327639Z[0m [32m INFO[0m [2mshanshui_cunji::inverted[0m[2m:[0m 倒排刷盘完成: inverted-00000958.seg
[2m2026-08-30T04:33:31.986345Z[0m [32m INFO[0m [2mshanshui_cunji::inverted[0m[2m:[0m 倒排刷盘完成: inverted-00000959.seg
[2m2026-08-30T04:33:32.647014Z[0m [32m INFO[0m [2mshanshui_cunji::inverted[0m[2m:[0m 倒排刷盘完成: inverted-00000960.seg
[2m2026-08-30T04:33:35.942129Z[0m [32m INFO[0m [2mshanshui_cunji::column_family[0m[2m:[0m 列族 [primary] 刷盘完成: sst-00000039.sst (990452 条)
[2m2026-08-30T04:33:36.065433Z[0m [32m INFO[0m [2mshanshui_cunji::inverted[0m[2m:[0m 倒排刷盘完成: inverted-00000961.seg
[2m2026-08-30T04:33:36.745755Z[0m [32m INFO[0m [2mshanshui_cunji::inverted[0m[2m:[0m 倒排刷盘完成: inverted-00000962.seg
[2m2026-08-30T04:33:37.402834Z[0m [32m INFO[0m [2mshanshui_cunji::inverted[0m[2m:[0m 倒排刷盘完成: inverted-00000963.seg
[2m2026-08-30T04:33:38.057898Z[0m [32m INFO[0m [2mshanshui_cunji::inverted[0m[2m:[0m 倒排刷盘完成: inverted-00000964.seg
[2m2026-08-30T04:33:38.705779Z[0m [32m INFO[0m [2mshanshui_cunji::inverted[0m[2m:[0m 倒排刷盘完成: inverted-00000965.seg
[2m2026-08-30T04:33:39.363740Z[0m [32m INFO[0m [2mshanshui_cunji::inverted[0m[2m:[0m 倒排刷盘完成: inverted-00000966.seg
[2m2026-08-30T04:33:40.018302Z[0m [32m INFO[0m [2mshanshui_cunji::inverted[0m[2m:[0m 倒排刷盘完成: inverted-00000967.seg
[2m2026-08-30T04:33:40.658365Z[0m [32m INFO[0m [2mshanshui_cunji::inverted[0m[2m:[0m 倒排刷盘完成: inverted-00000968.seg
[2m2026-08-30T04:33:41.318130Z[0m [32m INFO[0m [2mshanshui_cunji::inverted[0m[2m:[0m 倒排刷盘完成: inverted-00000969.seg
[2m2026-08-30T04:33:41.964215Z[0m [32m INFO[0m [2mshanshui_cunji::inverted[0m[2m:[0m 倒排刷盘完成: inverted-00000970.seg
[2m2026-08-30T04:33:42.607884Z[0m [32m INFO[0m [2mshanshui_cunji::inverted[0m[2m:[0m 倒排刷盘完成: inverted-00000971.seg
[2m2026-08-30T04:33:43.262482Z[0m [32m INFO[0m [2mshanshui_cunji::inverted[0m[2m:[0m 倒排刷盘完成: inverted-00000972.seg
[2m2026-08-30T04:33:43.908743Z[0m [32m INFO[0m [2mshanshui_cunji::inverted[0m[2m:[0m 倒排刷盘完成: inverted-00000973.seg
[2m2026-08-30T04:33:44.553263Z[0m [32m INFO[0m [2mshanshui_cunji::inverted[0m[2m:[0m 倒排刷盘完成: inverted-00000974.seg
[2m2026-08-30T04:33:45.225472Z[0m [32m INFO[0m [2mshanshui_cunji::inverted[0m[2m:[0m 倒排刷盘完成: inverted-00000975.seg
[2m2026-08-30T04:33:45.880066Z[0m [32m INFO[0m [2mshanshui_cunji::inverted[0m[2m:[0m 倒排刷盘完成: inverted-00000976.seg
[2m2026-08-30T04:33:46.523534Z[0m [32m INFO[0m [2mshanshui_cunji::inverted[0m[2m:[0m 倒排刷盘完成: inverted-00000977.seg
[2m2026-08-30T04:33:47.170646Z[0m [32m INFO[0m [2mshanshui_cunji::inverted[0m[2m:[0m 倒排刷盘完成: inverted-00000978.seg
[2m2026-08-30T04:33:47.823037Z[0m [32m INFO[0m [2mshanshui_cunji::inverted[0m[2m:[0m 倒排刷盘完成: inverted-00000979.seg
[2m2026-08-30T04:33:48.463309Z[0m [32m INFO[0m [2mshanshui_cunji::inverted[0m[2m:[0m 倒排刷盘完成: inverted-00000980.seg
[2m2026-08-30T04:33:49.115918Z[0m [32m INFO[0m [2mshanshui_cunji::inverted[0m[2m:[0m 倒排刷盘完成: inverted-00000981.seg
[2m2026-08-30T04:33:49.768382Z[0m [32m INFO[0m [2mshanshui_cunji::inverted[0m[2m:[0m 倒排刷盘完成: inverted-00000982.seg
[2m2026-08-30T04:33:50.427599Z[0m [32m INFO[0m [2mshanshui_cunji::inverted[0m[2m:[0m 倒排刷盘完成: inverted-00000983.seg
[2m2026-08-30T04:33:51.083971Z[0m [32m INFO[0m [2mshanshui_cunji::inverted[0m[2m:[0m 倒排刷盘完成: inverted-00000984.seg
[2m2026-08-30T04:33:51.737473Z[0m [32m INFO[0m [2mshanshui_cunji::inverted[0m[2m:[0m 倒排刷盘完成: inverted-00000985.seg
[2m2026-08-30T04:33:54.733227Z[0m [32m INFO[0m [2mshanshui_cunji::column_family[0m[2m:[0m 列族 [primary] 刷盘完成: sst-00000040.sst (990452 条)
[2m2026-08-30T04:33:55.114235Z[0m [32m INFO[0m [2mshanshui_cunji::inverted[0m[2m:[0m 倒排刷盘完成: inverted-00000986.seg
[2m2026-08-30T04:33:55.788557Z[0m [32m INFO[0m [2mshanshui_cunji::inverted[0m[2m:[0m 倒排刷盘完成: inverted-00000987.seg
[2m2026-08-30T04:33:56.432816Z[0m [32m INFO[0m [2mshanshui_cunji::inverted[0m[2m:[0m 倒排刷盘完成: inverted-00000988.seg
[2m2026-08-30T04:33:57.090004Z[0m [32m INFO[0m [2mshanshui_cunji::inverted[0m[2m:[0m 倒排刷盘完成: inverted-00000989.seg
[2m2026-08-30T04:33:57.742961Z[0m [32m INFO[0m [2mshanshui_cunji::inverted[0m[2m:[0m 倒排刷盘完成: inverted-00000990.seg
[2m2026-08-30T04:33:58.402641Z[0m [32m INFO[0m [2mshanshui_cunji::inverted[0m[2m:[0m 倒排刷盘完成: inverted-00000991.seg
[2m2026-08-30T04:33:59.064053Z[0m [32m INFO[0m [2mshanshui_cunji::inverted[0m[2m:[0m 倒排刷盘完成: inverted-00000992.seg
[2m2026-08-30T04:33:59.732130Z[0m [32m INFO[0m [2mshanshui_cunji::inverted[0m[2m:[0m 倒排刷盘完成: inverted-00000993.seg
[2m2026-08-30T04:34:00.391312Z[0m [32m INFO[0m [2mshanshui_cunji::inverted[0m[2m:[0m 倒排刷盘完成: inverted-00000994.seg
[2m2026-08-30T04:34:01.093766Z[0m [32m INFO[0m [2mshanshui_cunji::inverted[0m[2m:[0m 倒排刷盘完成: inverted-00000995.seg
[2m2026-08-30T04:34:01.740893Z[0m [32m INFO[0m [2mshanshui_cunji::inverted[0m[2m:[0m 倒排刷盘完成: inverted-00000996.seg
[2m2026-08-30T04:34:02.383744Z[0m [32m INFO[0m [2mshanshui_cunji::inverted[0m[2m:[0m 倒排刷盘完成: inverted-00000997.seg
[2m2026-08-30T04:34:03.034296Z[0m [32m INFO[0m [2mshanshui_cunji::inverted[0m[2m:[0m 倒排刷盘完成: inverted-00000998.seg
[2m2026-08-30T04:34:03.679272Z[0m [32m INFO[0m [2mshanshui_cunji::inverted[0m[2m:[0m 倒排刷盘完成: inverted-00000999.seg
[2m2026-08-30T04:34:04.324656Z[0m [32m INFO[0m [2mshanshui_cunji::inverted[0m[2m:[0m 倒排刷盘完成: inverted-00001000.seg
[2m2026-08-30T04:34:04.985454Z[0m [32m INFO[0m [2mshanshui_cunji::inverted[0m[2m:[0m 倒排刷盘完成: inverted-00001001.seg
[2m2026-08-30T04:34:05.636582Z[0m [32m INFO[0m [2mshanshui_cunji::inverted[0m[2m:[0m 倒排刷盘完成: inverted-00001002.seg
[2m2026-08-30T04:34:06.292542Z[0m [32m INFO[0m [2mshanshui_cunji::inverted[0m[2m:[0m 倒排刷盘完成: inverted-00001003.seg
[2m2026-08-30T04:34:06.946518Z[0m [32m INFO[0m [2mshanshui_cunji::inverted[0m[2m:[0m 倒排刷盘完成: inverted-00001004.seg
[2m2026-08-30T04:34:07.602071Z[0m [32m INFO[0m [2mshanshui_cunji::inverted[0m[2m:[0m 倒排刷盘完成: inverted-00001005.seg
[2m2026-08-30T04:34:08.250263Z[0m [32m INFO[0m [2mshanshui_cunji::inverted[0m[2m:[0m 倒排刷盘完成: inverted-00001006.seg
[2m2026-08-30T04:34:08.920583Z[0m [32m INFO[0m [2mshanshui_cunji::inverted[0m[2m:[0m 倒排刷盘完成: inverted-00001007.seg
[2m2026-08-30T04:34:09.623644Z[0m [32m INFO[0m [2mshanshui_cunji::inverted[0m[2m:[0m 倒排刷盘完成: inverted-00001008.seg
[2m2026-08-30T04:34:10.278879Z[0m [32m INFO[0m [2mshanshui_cunji::inverted[0m[2m:[0m 倒排刷盘完成: inverted-00001009.seg
[2m2026-08-30T04:34:10.937824Z[0m [32m INFO[0m [2mshanshui_cunji::inverted[0m[2m:[0m 倒排刷盘完成: inverted-00001010.seg
[2m2026-08-30T04:34:13.679668Z[0m [32m INFO[0m [2mshanshui_cunji::column_family[0m[2m:[0m 列族 [primary] 刷盘完成: sst-00000041.sst (990452 条)
[2m2026-08-30T04:34:14.326902Z[0m [32m INFO[0m [2mshanshui_cunji::inverted[0m[2m:[0m 倒排刷盘完成: inverted-00001011.seg
[2m2026-08-30T04:34:15.001370Z[0m [32m INFO[0m [2mshanshui_cunji::inverted[0m[2m:[0m 倒排刷盘完成: inverted-00001012.seg
[2m2026-08-30T04:34:15.659974Z[0m [32m INFO[0m [2mshanshui_cunji::inverted[0m[2m:[0m 倒排刷盘完成: inverted-00001013.seg
[2m2026-08-30T04:34:16.313083Z[0m [32m INFO[0m [2mshanshui_cunji::inverted[0m[2m:[0m 倒排刷盘完成: inverted-00001014.seg
[2m2026-08-30T04:34:16.971362Z[0m [32m INFO[0m [2mshanshui_cunji::inverted[0m[2m:[0m 倒排刷盘完成: inverted-00001015.seg
[2m2026-08-30T04:34:17.634841Z[0m [32m INFO[0m [2mshanshui_cunji::inverted[0m[2m:[0m 倒排刷盘完成: inverted-00001016.seg
[2m2026-08-30T04:34:18.278406Z[0m [32m INFO[0m [2mshanshui_cunji::inverted[0m[2m:[0m 倒排刷盘完成: inverted-00001017.seg
[2m2026-08-30T04:34:18.935203Z[0m [32m INFO[0m [2mshanshui_cunji::inverted[0m[2m:[0m 倒排刷盘完成: inverted-00001018.seg
[2m2026-08-30T04:34:19.590671Z[0m [32m INFO[0m [2mshanshui_cunji::inverted[0m[2m:[0m 倒排刷盘完成: inverted-00001019.seg
[2m2026-08-30T04:34:20.237246Z[0m [32m INFO[0m [2mshanshui_cunji::inverted[0m[2m:[0m 倒排刷盘完成: inverted-00001020.seg
[2m2026-08-30T04:34:20.889996Z[0m [32m INFO[0m [2mshanshui_cunji::inverted[0m[2m:[0m 倒排刷盘完成: inverted-00001021.seg
[2m2026-08-30T04:34:21.535937Z[0m [32m INFO[0m [2mshanshui_cunji::inverted[0m[2m:[0m 倒排刷盘完成: inverted-00001022.seg
[2m2026-08-30T04:34:22.181133Z[0m [32m INFO[0m [2mshanshui_cunji::inverted[0m[2m:[0m 倒排刷盘完成: inverted-00001023.seg
[2m2026-08-30T04:34:22.831665Z[0m [32m INFO[0m [2mshanshui_cunji::inverted[0m[2m:[0m 倒排刷盘完成: inverted-00001024.seg
[2m2026-08-30T04:34:23.503535Z[0m [32m INFO[0m [2mshanshui_cunji::inverted[0m[2m:[0m 倒排刷盘完成: inverted-00001025.seg
[2m2026-08-30T04:34:24.161164Z[0m [32m INFO[0m [2mshanshui_cunji::inverted[0m[2m:[0m 倒排刷盘完成: inverted-00001026.seg
[2m2026-08-30T04:34:24.807927Z[0m [32m INFO[0m [2mshanshui_cunji::inverted[0m[2m:[0m 倒排刷盘完成: inverted-00001027.seg
[2m2026-08-30T04:34:25.462153Z[0m [32m INFO[0m [2mshanshui_cunji::inverted[0m[2m:[0m 倒排刷盘完成: inverted-00001028.seg
[2m2026-08-30T04:34:26.112746Z[0m [32m INFO[0m [2mshanshui_cunji::inverted[0m[2m:[0m 倒排刷盘完成: inverted-00001029.seg
[2m2026-08-30T04:34:26.759566Z[0m [32m INFO[0m [2mshanshui_cunji::inverted[0m[2m:[0m 倒排刷盘完成: inverted-00001030.seg
[2m2026-08-30T04:34:27.407675Z[0m [32m INFO[0m [2mshanshui_cunji::inverted[0m[2m:[0m 倒排刷盘完成: inverted-00001031.seg
[2m2026-08-30T04:34:28.059261Z[0m [32m INFO[0m [2mshanshui_cunji::inverted[0m[2m:[0m 倒排刷盘完成: inverted-00001032.seg
[2m2026-08-30T04:34:28.752452Z[0m [32m INFO[0m [2mshanshui_cunji::inverted[0m[2m:[0m 倒排刷盘完成: inverted-00001033.seg
[2m2026-08-30T04:34:29.403053Z[0m [32m INFO[0m [2mshanshui_cunji::inverted[0m[2m:[0m 倒排刷盘完成: inverted-00001034.seg
[2m2026-08-30T04:34:32.471028Z[0m [32m INFO[0m [2mshanshui_cunji::column_family[0m[2m:[0m 列族 [primary] 刷盘完成: sst-00000042.sst (990452 条)
[2m2026-08-30T04:34:32.789906Z[0m [32m INFO[0m [2mshanshui_cunji::inverted[0m[2m:[0m 倒排刷盘完成: inverted-00001035.seg
[2m2026-08-30T04:34:33.472969Z[0m [32m INFO[0m [2mshanshui_cunji::inverted[0m[2m:[0m 倒排刷盘完成: inverted-00001036.seg
[2m2026-08-30T04:34:34.126689Z[0m [32m INFO[0m [2mshanshui_cunji::inverted[0m[2m:[0m 倒排刷盘完成: inverted-00001037.seg
[2m2026-08-30T04:34:34.789016Z[0m [32m INFO[0m [2mshanshui_cunji::inverted[0m[2m:[0m 倒排刷盘完成: inverted-00001038.seg
[2m2026-08-30T04:34:35.445347Z[0m [32m INFO[0m [2mshanshui_cunji::inverted[0m[2m:[0m 倒排刷盘完成: inverted-00001039.seg
[2m2026-08-30T04:34:36.090610Z[0m [32m INFO[0m [2mshanshui_cunji::inverted[0m[2m:[0m 倒排刷盘完成: inverted-00001040.seg
[2m2026-08-30T04:34:36.746465Z[0m [32m INFO[0m [2mshanshui_cunji::inverted[0m[2m:[0m 倒排刷盘完成: inverted-00001041.seg
[2m2026-08-30T04:34:37.400946Z[0m [32m INFO[0m [2mshanshui_cunji::inverted[0m[2m:[0m 倒排刷盘完成: inverted-00001042.seg
[2m2026-08-30T04:34:38.046199Z[0m [32m INFO[0m [2mshanshui_cunji::inverted[0m[2m:[0m 倒排刷盘完成: inverted-00001043.seg
[2m2026-08-30T04:34:38.704480Z[0m [32m INFO[0m [2mshanshui_cunji::inverted[0m[2m:[0m 倒排刷盘完成: inverted-00001044.seg
[2m2026-08-30T04:34:39.361411Z[0m [32m INFO[0m [2mshanshui_cunji::inverted[0m[2m:[0m 倒排刷盘完成: inverted-00001045.seg
[2m2026-08-30T04:34:40.009324Z[0m [32m INFO[0m [2mshanshui_cunji::inverted[0m[2m:[0m 倒排刷盘完成: inverted-00001046.seg
[2m2026-08-30T04:34:40.665075Z[0m [32m INFO[0m [2mshanshui_cunji::inverted[0m[2m:[0m 倒排刷盘完成: inverted-00001047.seg
[2m2026-08-30T04:34:41.312654Z[0m [32m INFO[0m [2mshanshui_cunji::inverted[0m[2m:[0m 倒排刷盘完成: inverted-00001048.seg
[2m2026-08-30T04:34:41.963321Z[0m [32m INFO[0m [2mshanshui_cunji::inverted[0m[2m:[0m 倒排刷盘完成: inverted-00001049.seg
[2m2026-08-30T04:34:42.614405Z[0m [32m INFO[0m [2mshanshui_cunji::inverted[0m[2m:[0m 倒排刷盘完成: inverted-00001050.seg
[2m2026-08-30T04:34:43.260147Z[0m [32m INFO[0m [2mshanshui_cunji::inverted[0m[2m:[0m 倒排刷盘完成: inverted-00001051.seg
[2m2026-08-30T04:34:43.916408Z[0m [32m INFO[0m [2mshanshui_cunji::inverted[0m[2m:[0m 倒排刷盘完成: inverted-00001052.seg
[2m2026-08-30T04:34:44.577925Z[0m [32m INFO[0m [2mshanshui_cunji::inverted[0m[2m:[0m 倒排刷盘完成: inverted-00001053.seg
[2m2026-08-30T04:34:45.232629Z[0m [32m INFO[0m [2mshanshui_cunji::inverted[0m[2m:[0m 倒排刷盘完成: inverted-00001054.seg
[2m2026-08-30T04:34:45.888021Z[0m [32m INFO[0m [2mshanshui_cunji::inverted[0m[2m:[0m 倒排刷盘完成: inverted-00001055.seg
[2m2026-08-30T04:34:46.539534Z[0m [32m INFO[0m [2mshanshui_cunji::inverted[0m[2m:[0m 倒排刷盘完成: inverted-00001056.seg
[2m2026-08-30T04:34:47.194662Z[0m [32m INFO[0m [2mshanshui_cunji::inverted[0m[2m:[0m 倒排刷盘完成: inverted-00001057.seg
[2m2026-08-30T04:34:47.850517Z[0m [32m INFO[0m [2mshanshui_cunji::inverted[0m[2m:[0m 倒排刷盘完成: inverted-00001058.seg
[2m2026-08-30T04:34:48.511975Z[0m [32m INFO[0m [2mshanshui_cunji::inverted[0m[2m:[0m 倒排刷盘完成: inverted-00001059.seg
[2m2026-08-30T04:34:51.317730Z[0m [32m INFO[0m [2mshanshui_cunji::column_family[0m[2m:[0m 列族 [primary] 刷盘完成: sst-00000043.sst (990452 条)
[2m2026-08-30T04:34:51.896159Z[0m [32m INFO[0m [2mshanshui_cunji::inverted[0m[2m:[0m 倒排刷盘完成: inverted-00001060.seg
[2m2026-08-30T04:34:52.581965Z[0m [32m INFO[0m [2mshanshui_cunji::inverted[0m[2m:[0m 倒排刷盘完成: inverted-00001061.seg
[2m2026-08-30T04:34:53.247456Z[0m [32m INFO[0m [2mshanshui_cunji::inverted[0m[2m:[0m 倒排刷盘完成: inverted-00001062.seg
[2m2026-08-30T04:34:53.906669Z[0m [32m INFO[0m [2mshanshui_cunji::inverted[0m[2m:[0m 倒排刷盘完成: inverted-00001063.seg
[2m2026-08-30T04:34:54.561673Z[0m [32m INFO[0m [2mshanshui_cunji::inverted[0m[2m:[0m 倒排刷盘完成: inverted-00001064.seg
[2m2026-08-30T04:34:55.223761Z[0m [32m INFO[0m [2mshanshui_cunji::inverted[0m[2m:[0m 倒排刷盘完成: inverted-00001065.seg
[2m2026-08-30T04:34:55.905144Z[0m [32m INFO[0m [2mshanshui_cunji::inverted[0m[2m:[0m 倒排刷盘完成: inverted-00001066.seg
[2m2026-08-30T04:34:56.556074Z[0m [32m INFO[0m [2mshanshui_cunji::inverted[0m[2m:[0m 倒排刷盘完成: inverted-00001067.seg
[2m2026-08-30T04:34:57.203338Z[0m [32m INFO[0m [2mshanshui_cunji::inverted[0m[2m:[0m 倒排刷盘完成: inverted-00001068.seg
[2m2026-08-30T04:34:57.847081Z[0m [32m INFO[0m [2mshanshui_cunji::inverted[0m[2m:[0m 倒排刷盘完成: inverted-00001069.seg
[2m2026-08-30T04:34:58.524765Z[0m [32m INFO[0m [2mshanshui_cunji::inverted[0m[2m:[0m 倒排刷盘完成: inverted-00001070.seg
[2m2026-08-30T04:34:59.202271Z[0m [32m INFO[0m [2mshanshui_cunji::inverted[0m[2m:[0m 倒排刷盘完成: inverted-00001071.seg
[2m2026-08-30T04:34:59.852531Z[0m [32m INFO[0m [2mshanshui_cunji::inverted[0m[2m:[0m 倒排刷盘完成: inverted-00001072.seg
[2m2026-08-30T04:35:00.610045Z[0m [32m INFO[0m [2mshanshui_cunji::inverted[0m[2m:[0m 倒排刷盘完成: inverted-00001073.seg
[2m2026-08-30T04:35:01.378384Z[0m [32m INFO[0m [2mshanshui_cunji::inverted[0m[2m:[0m 倒排刷盘完成: inverted-00001074.seg
[2m2026-08-30T04:35:02.180241Z[0m [32m INFO[0m [2mshanshui_cunji::inverted[0m[2m:[0m 倒排刷盘完成: inverted-00001075.seg
[2m2026-08-30T04:35:02.872199Z[0m [32m INFO[0m [2mshanshui_cunji::inverted[0m[2m:[0m 倒排刷盘完成: inverted-00001076.seg
[2m2026-08-30T04:35:03.552249Z[0m [32m INFO[0m [2mshanshui_cunji::inverted[0m[2m:[0m 倒排刷盘完成: inverted-00001077.seg
[2m2026-08-30T04:35:04.205888Z[0m [32m INFO[0m [2mshanshui_cunji::inverted[0m[2m:[0m 倒排刷盘完成: inverted-00001078.seg
[2m2026-08-30T04:35:04.876669Z[0m [32m INFO[0m [2mshanshui_cunji::inverted[0m[2m:[0m 倒排刷盘完成: inverted-00001079.seg
[2m2026-08-30T04:35:05.560897Z[0m [32m INFO[0m [2mshanshui_cunji::inverted[0m[2m:[0m 倒排刷盘完成: inverted-00001080.seg
[2m2026-08-30T04:35:06.355809Z[0m [32m INFO[0m [2mshanshui_cunji::inverted[0m[2m:[0m 倒排刷盘完成: inverted-00001081.seg
[2m2026-08-30T04:35:07.229375Z[0m [32m INFO[0m [2mshanshui_cunji::inverted[0m[2m:[0m 倒排刷盘完成: inverted-00001082.seg
[2m2026-08-30T04:35:08.101402Z[0m [32m INFO[0m [2mshanshui_cunji::inverted[0m[2m:[0m 倒排刷盘完成: inverted-00001083.seg
[2m2026-08-30T04:35:11.575688Z[0m [32m INFO[0m [2mshanshui_cunji::column_family[0m[2m:[0m 列族 [primary] 刷盘完成: sst-00000044.sst (990452 条)
[2m2026-08-30T04:35:11.902756Z[0m [32m INFO[0m [2mshanshui_cunji::inverted[0m[2m:[0m 倒排刷盘完成: inverted-00001084.seg
[2m2026-08-30T04:35:12.726747Z[0m [32m INFO[0m [2mshanshui_cunji::inverted[0m[2m:[0m 倒排刷盘完成: inverted-00001085.seg
[2m2026-08-30T04:35:13.502116Z[0m [32m INFO[0m [2mshanshui_cunji::inverted[0m[2m:[0m 倒排刷盘完成: inverted-00001086.seg
[2m2026-08-30T04:35:14.163364Z[0m [32m INFO[0m [2mshanshui_cunji::inverted[0m[2m:[0m 倒排刷盘完成: inverted-00001087.seg
[2m2026-08-30T04:35:14.820861Z[0m [32m INFO[0m [2mshanshui_cunji::inverted[0m[2m:[0m 倒排刷盘完成: inverted-00001088.seg
[2m2026-08-30T04:35:15.478261Z[0m [32m INFO[0m [2mshanshui_cunji::inverted[0m[2m:[0m 倒排刷盘完成: inverted-00001089.seg
[2m2026-08-30T04:35:16.133998Z[0m [32m INFO[0m [2mshanshui_cunji::inverted[0m[2m:[0m 倒排刷盘完成: inverted-00001090.seg
[2m2026-08-30T04:35:16.788010Z[0m [32m INFO[0m [2mshanshui_cunji::inverted[0m[2m:[0m 倒排刷盘完成: inverted-00001091.seg
[2m2026-08-30T04:35:17.440380Z[0m [32m INFO[0m [2mshanshui_cunji::inverted[0m[2m:[0m 倒排刷盘完成: inverted-00001092.seg
[2m2026-08-30T04:35:18.096853Z[0m [32m INFO[0m [2mshanshui_cunji::inverted[0m[2m:[0m 倒排刷盘完成: inverted-00001093.seg
[2m2026-08-30T04:35:18.745843Z[0m [32m INFO[0m [2mshanshui_cunji::inverted[0m[2m:[0m 倒排刷盘完成: inverted-00001094.seg
[2m2026-08-30T04:35:19.401446Z[0m [32m INFO[0m [2mshanshui_cunji::inverted[0m[2m:[0m 倒排刷盘完成: inverted-00001095.seg
[2m2026-08-30T04:35:20.057141Z[0m [32m INFO[0m [2mshanshui_cunji::inverted[0m[2m:[0m 倒排刷盘完成: inverted-00001096.seg
[2m2026-08-30T04:35:20.706185Z[0m [32m INFO[0m [2mshanshui_cunji::inverted[0m[2m:[0m 倒排刷盘完成: inverted-00001097.seg
[2m2026-08-30T04:35:21.360948Z[0m [32m INFO[0m [2mshanshui_cunji::inverted[0m[2m:[0m 倒排刷盘完成: inverted-00001098.seg
[2m2026-08-30T04:35:22.016859Z[0m [32m INFO[0m [2mshanshui_cunji::inverted[0m[2m:[0m 倒排刷盘完成: inverted-00001099.seg
[2m2026-08-30T04:35:22.667294Z[0m [32m INFO[0m [2mshanshui_cunji::inverted[0m[2m:[0m 倒排刷盘完成: inverted-00001100.seg
[2m2026-08-30T04:35:23.394681Z[0m [32m INFO[0m [2mshanshui_cunji::inverted[0m[2m:[0m 倒排刷盘完成: inverted-00001101.seg
[2m2026-08-30T04:35:24.157458Z[0m [32m INFO[0m [2mshanshui_cunji::inverted[0m[2m:[0m 倒排刷盘完成: inverted-00001102.seg
[2m2026-08-30T04:35:24.947328Z[0m [32m INFO[0m [2mshanshui_cunji::inverted[0m[2m:[0m 倒排刷盘完成: inverted-00001103.seg
[2m2026-08-30T04:35:25.723077Z[0m [32m INFO[0m [2mshanshui_cunji::inverted[0m[2m:[0m 倒排刷盘完成: inverted-00001104.seg
[2m2026-08-30T04:35:26.546769Z[0m [32m INFO[0m [2mshanshui_cunji::inverted[0m[2m:[0m 倒排刷盘完成: inverted-00001105.seg
[2m2026-08-30T04:35:27.210216Z[0m [32m INFO[0m [2mshanshui_cunji::inverted[0m[2m:[0m 倒排刷盘完成: inverted-00001106.seg
[2m2026-08-30T04:35:28.013107Z[0m [32m INFO[0m [2mshanshui_cunji::inverted[0m[2m:[0m 倒排刷盘完成: inverted-00001107.seg
[2m2026-08-30T04:35:28.807932Z[0m [32m INFO[0m [2mshanshui_cunji::inverted[0m[2m:[0m 倒排刷盘完成: inverted-00001108.seg
[2m2026-08-30T04:35:32.002710Z[0m [32m INFO[0m [2mshanshui_cunji::column_family[0m[2m:[0m 列族 [primary] 刷盘完成: sst-00000045.sst (990452 条)
[2m2026-08-30T04:35:32.628932Z[0m [32m INFO[0m [2mshanshui_cunji::inverted[0m[2m:[0m 倒排刷盘完成: inverted-00001109.seg
[2m2026-08-30T04:35:33.455905Z[0m [32m INFO[0m [2mshanshui_cunji::inverted[0m[2m:[0m 倒排刷盘完成: inverted-00001110.seg
[2m2026-08-30T04:35:34.185464Z[0m [32m INFO[0m [2mshanshui_cunji::inverted[0m[2m:[0m 倒排刷盘完成: inverted-00001111.seg
[2m2026-08-30T04:35:34.928426Z[0m [32m INFO[0m [2mshanshui_cunji::inverted[0m[2m:[0m 倒排刷盘完成: inverted-00001112.seg
[2m2026-08-30T04:35:35.660832Z[0m [32m INFO[0m [2mshanshui_cunji::inverted[0m[2m:[0m 倒排刷盘完成: inverted-00001113.seg
[2m2026-08-30T04:35:36.393111Z[0m [32m INFO[0m [2mshanshui_cunji::inverted[0m[2m:[0m 倒排刷盘完成: inverted-00001114.seg
[2m2026-08-30T04:35:37.112991Z[0m [32m INFO[0m [2mshanshui_cunji::inverted[0m[2m:[0m 倒排刷盘完成: inverted-00001115.seg
[2m2026-08-30T04:35:37.814499Z[0m [32m INFO[0m [2mshanshui_cunji::inverted[0m[2m:[0m 倒排刷盘完成: inverted-00001116.seg
[2m2026-08-30T04:35:38.518872Z[0m [32m INFO[0m [2mshanshui_cunji::inverted[0m[2m:[0m 倒排刷盘完成: inverted-00001117.seg
[2m2026-08-30T04:35:39.231037Z[0m [32m INFO[0m [2mshanshui_cunji::inverted[0m[2m:[0m 倒排刷盘完成: inverted-00001118.seg
[2m2026-08-30T04:35:39.973597Z[0m [32m INFO[0m [2mshanshui_cunji::inverted[0m[2m:[0m 倒排刷盘完成: inverted-00001119.seg
[2m2026-08-30T04:35:40.685562Z[0m [32m INFO[0m [2mshanshui_cunji::inverted[0m[2m:[0m 倒排刷盘完成: inverted-00001120.seg
[2m2026-08-30T04:35:41.417442Z[0m [32m INFO[0m [2mshanshui_cunji::inverted[0m[2m:[0m 倒排刷盘完成: inverted-00001121.seg
[2m2026-08-30T04:35:42.136067Z[0m [32m INFO[0m [2mshanshui_cunji::inverted[0m[2m:[0m 倒排刷盘完成: inverted-00001122.seg
[2m2026-08-30T04:35:42.833346Z[0m [32m INFO[0m [2mshanshui_cunji::inverted[0m[2m:[0m 倒排刷盘完成: inverted-00001123.seg
[2m2026-08-30T04:35:43.544921Z[0m [32m INFO[0m [2mshanshui_cunji::inverted[0m[2m:[0m 倒排刷盘完成: inverted-00001124.seg
[2m2026-08-30T04:35:44.277734Z[0m [32m INFO[0m [2mshanshui_cunji::inverted[0m[2m:[0m 倒排刷盘完成: inverted-00001125.seg
[2m2026-08-30T04:35:44.980061Z[0m [32m INFO[0m [2mshanshui_cunji::inverted[0m[2m:[0m 倒排刷盘完成: inverted-00001126.seg
[2m2026-08-30T04:35:45.719274Z[0m [32m INFO[0m [2mshanshui_cunji::inverted[0m[2m:[0m 倒排刷盘完成: inverted-00001127.seg
[2m2026-08-30T04:35:46.459848Z[0m [32m INFO[0m [2mshanshui_cunji::inverted[0m[2m:[0m 倒排刷盘完成: inverted-00001128.seg
[2m2026-08-30T04:35:47.187632Z[0m [32m INFO[0m [2mshanshui_cunji::inverted[0m[2m:[0m 倒排刷盘完成: inverted-00001129.seg
[2m2026-08-30T04:35:47.960797Z[0m [32m INFO[0m [2mshanshui_cunji::inverted[0m[2m:[0m 倒排刷盘完成: inverted-00001130.seg
[2m2026-08-30T04:35:48.683136Z[0m [32m INFO[0m [2mshanshui_cunji::inverted[0m[2m:[0m 倒排刷盘完成: inverted-00001131.seg
[2m2026-08-30T04:35:49.400477Z[0m [32m INFO[0m [2mshanshui_cunji::inverted[0m[2m:[0m 倒排刷盘完成: inverted-00001132.seg
[2m2026-08-30T04:35:52.813199Z[0m [32m INFO[0m [2mshanshui_cunji::column_family[0m[2m:[0m 列族 [primary] 刷盘完成: sst-00000046.sst (990452 条)
[2m2026-08-30T04:35:53.007323Z[0m [32m INFO[0m [2mshanshui_cunji::inverted[0m[2m:[0m 倒排刷盘完成: inverted-00001133.seg
[2m2026-08-30T04:35:53.779370Z[0m [32m INFO[0m [2mshanshui_cunji::inverted[0m[2m:[0m 倒排刷盘完成: inverted-00001134.seg
[2m2026-08-30T04:35:54.510104Z[0m [32m INFO[0m [2mshanshui_cunji::inverted[0m[2m:[0m 倒排刷盘完成: inverted-00001135.seg
[2m2026-08-30T04:35:55.233277Z[0m [32m INFO[0m [2mshanshui_cunji::inverted[0m[2m:[0m 倒排刷盘完成: inverted-00001136.seg
[2m2026-08-30T04:35:55.964064Z[0m [32m INFO[0m [2mshanshui_cunji::inverted[0m[2m:[0m 倒排刷盘完成: inverted-00001137.seg
[2m2026-08-30T04:35:56.709079Z[0m [32m INFO[0m [2mshanshui_cunji::inverted[0m[2m:[0m 倒排刷盘完成: inverted-00001138.seg
[2m2026-08-30T04:35:57.418769Z[0m [32m INFO[0m [2mshanshui_cunji::inverted[0m[2m:[0m 倒排刷盘完成: inverted-00001139.seg
[2m2026-08-30T04:35:58.132898Z[0m [32m INFO[0m [2mshanshui_cunji::inverted[0m[2m:[0m 倒排刷盘完成: inverted-00001140.seg
[2m2026-08-30T04:35:58.851200Z[0m [32m INFO[0m [2mshanshui_cunji::inverted[0m[2m:[0m 倒排刷盘完成: inverted-00001141.seg
[2m2026-08-30T04:35:59.557403Z[0m [32m INFO[0m [2mshanshui_cunji::inverted[0m[2m:[0m 倒排刷盘完成: inverted-00001142.seg
[2m2026-08-30T04:36:00.287346Z[0m [32m INFO[0m [2mshanshui_cunji::inverted[0m[2m:[0m 倒排刷盘完成: inverted-00001143.seg
[2m2026-08-30T04:36:00.990357Z[0m [32m INFO[0m [2mshanshui_cunji::inverted[0m[2m:[0m 倒排刷盘完成: inverted-00001144.seg
[2m2026-08-30T04:36:01.707230Z[0m [32m INFO[0m [2mshanshui_cunji::inverted[0m[2m:[0m 倒排刷盘完成: inverted-00001145.seg
[2m2026-08-30T04:36:02.430621Z[0m [32m INFO[0m [2mshanshui_cunji::inverted[0m[2m:[0m 倒排刷盘完成: inverted-00001146.seg
[2m2026-08-30T04:36:03.131301Z[0m [32m INFO[0m [2mshanshui_cunji::inverted[0m[2m:[0m 倒排刷盘完成: inverted-00001147.seg
[2m2026-08-30T04:36:03.838135Z[0m [32m INFO[0m [2mshanshui_cunji::inverted[0m[2m:[0m 倒排刷盘完成: inverted-00001148.seg
[2m2026-08-30T04:36:04.561609Z[0m [32m INFO[0m [2mshanshui_cunji::inverted[0m[2m:[0m 倒排刷盘完成: inverted-00001149.seg
[2m2026-08-30T04:36:05.311569Z[0m [32m INFO[0m [2mshanshui_cunji::inverted[0m[2m:[0m 倒排刷盘完成: inverted-00001150.seg
[2m2026-08-30T04:36:06.037048Z[0m [32m INFO[0m [2mshanshui_cunji::inverted[0m[2m:[0m 倒排刷盘完成: inverted-00001151.seg
[2m2026-08-30T04:36:06.748736Z[0m [32m INFO[0m [2mshanshui_cunji::inverted[0m[2m:[0m 倒排刷盘完成: inverted-00001152.seg
[2m2026-08-30T04:36:07.461287Z[0m [32m INFO[0m [2mshanshui_cunji::inverted[0m[2m:[0m 倒排刷盘完成: inverted-00001153.seg
[2m2026-08-30T04:36:08.172554Z[0m [32m INFO[0m [2mshanshui_cunji::inverted[0m[2m:[0m 倒排刷盘完成: inverted-00001154.seg
[2m2026-08-30T04:36:08.886382Z[0m [32m INFO[0m [2mshanshui_cunji::inverted[0m[2m:[0m 倒排刷盘完成: inverted-00001155.seg
[2m2026-08-30T04:36:09.590323Z[0m [32m INFO[0m [2mshanshui_cunji::inverted[0m[2m:[0m 倒排刷盘完成: inverted-00001156.seg
[2m2026-08-30T04:36:10.317028Z[0m [32m INFO[0m [2mshanshui_cunji::inverted[0m[2m:[0m 倒排刷盘完成: inverted-00001157.seg
[2m2026-08-30T04:36:13.607799Z[0m [32m INFO[0m [2mshanshui_cunji::column_family[0m[2m:[0m 列族 [primary] 刷盘完成: sst-00000047.sst (990452 条)
[2m2026-08-30T04:36:14.078852Z[0m [32m INFO[0m [2mshanshui_cunji::inverted[0m[2m:[0m 倒排刷盘完成: inverted-00001158.seg
[2m2026-08-30T04:36:14.830816Z[0m [32m INFO[0m [2mshanshui_cunji::inverted[0m[2m:[0m 倒排刷盘完成: inverted-00001159.seg
[2m2026-08-30T04:36:15.555255Z[0m [32m INFO[0m [2mshanshui_cunji::inverted[0m[2m:[0m 倒排刷盘完成: inverted-00001160.seg
[2m2026-08-30T04:36:16.270971Z[0m [32m INFO[0m [2mshanshui_cunji::inverted[0m[2m:[0m 倒排刷盘完成: inverted-00001161.seg
[2m2026-08-30T04:36:16.992664Z[0m [32m INFO[0m [2mshanshui_cunji::inverted[0m[2m:[0m 倒排刷盘完成: inverted-00001162.seg
[2m2026-08-30T04:36:17.787514Z[0m [32m INFO[0m [2mshanshui_cunji::inverted[0m[2m:[0m 倒排刷盘完成: inverted-00001163.seg
[2m2026-08-30T04:36:18.551916Z[0m [32m INFO[0m [2mshanshui_cunji::inverted[0m[2m:[0m 倒排刷盘完成: inverted-00001164.seg
[2m2026-08-30T04:36:19.269714Z[0m [32m INFO[0m [2mshanshui_cunji::inverted[0m[2m:[0m 倒排刷盘完成: inverted-00001165.seg
[2m2026-08-30T04:36:20.001811Z[0m [32m INFO[0m [2mshanshui_cunji::inverted[0m[2m:[0m 倒排刷盘完成: inverted-00001166.seg
[2m2026-08-30T04:36:20.716703Z[0m [32m INFO[0m [2mshanshui_cunji::inverted[0m[2m:[0m 倒排刷盘完成: inverted-00001167.seg
[2m2026-08-30T04:36:21.442796Z[0m [32m INFO[0m [2mshanshui_cunji::inverted[0m[2m:[0m 倒排刷盘完成: inverted-00001168.seg
[2m2026-08-30T04:36:22.145646Z[0m [32m INFO[0m [2mshanshui_cunji::inverted[0m[2m:[0m 倒排刷盘完成: inverted-00001169.seg
[2m2026-08-30T04:36:22.850519Z[0m [32m INFO[0m [2mshanshui_cunji::inverted[0m[2m:[0m 倒排刷盘完成: inverted-00001170.seg
[2m2026-08-30T04:36:23.559275Z[0m [32m INFO[0m [2mshanshui_cunji::inverted[0m[2m:[0m 倒排刷盘完成: inverted-00001171.seg
[2m2026-08-30T04:36:24.290696Z[0m [32m INFO[0m [2mshanshui_cunji::inverted[0m[2m:[0m 倒排刷盘完成: inverted-00001172.seg
[2m2026-08-30T04:36:25.008302Z[0m [32m INFO[0m [2mshanshui_cunji::inverted[0m[2m:[0m 倒排刷盘完成: inverted-00001173.seg
[2m2026-08-30T04:36:25.732361Z[0m [32m INFO[0m [2mshanshui_cunji::inverted[0m[2m:[0m 倒排刷盘完成: inverted-00001174.seg
[2m2026-08-30T04:36:26.449852Z[0m [32m INFO[0m [2mshanshui_cunji::inverted[0m[2m:[0m 倒排刷盘完成: inverted-00001175.seg
[2m2026-08-30T04:36:27.163197Z[0m [32m INFO[0m [2mshanshui_cunji::inverted[0m[2m:[0m 倒排刷盘完成: inverted-00001176.seg
[2m2026-08-30T04:36:27.882397Z[0m [32m INFO[0m [2mshanshui_cunji::inverted[0m[2m:[0m 倒排刷盘完成: inverted-00001177.seg
[2m2026-08-30T04:36:28.636797Z[0m [32m INFO[0m [2mshanshui_cunji::inverted[0m[2m:[0m 倒排刷盘完成: inverted-00001178.seg
[2m2026-08-30T04:36:29.354777Z[0m [32m INFO[0m [2mshanshui_cunji::inverted[0m[2m:[0m 倒排刷盘完成: inverted-00001179.seg
[2m2026-08-30T04:36:30.070976Z[0m [32m INFO[0m [2mshanshui_cunji::inverted[0m[2m:[0m 倒排刷盘完成: inverted-00001180.seg
[2m2026-08-30T04:36:30.780932Z[0m [32m INFO[0m [2mshanshui_cunji::inverted[0m[2m:[0m 倒排刷盘完成: inverted-00001181.seg
[2m2026-08-30T04:36:31.491609Z[0m [32m INFO[0m [2mshanshui_cunji::inverted[0m[2m:[0m 倒排刷盘完成: inverted-00001182.seg
[2m2026-08-30T04:36:34.302667Z[0m [32m INFO[0m [2mshanshui_cunji::column_family[0m[2m:[0m 列族 [primary] 刷盘完成: sst-00000048.sst (990452 条)
[2m2026-08-30T04:36:35.090715Z[0m [32m INFO[0m [2mshanshui_cunji::inverted[0m[2m:[0m 倒排刷盘完成: inverted-00001183.seg
[2m2026-08-30T04:36:35.834564Z[0m [32m INFO[0m [2mshanshui_cunji::inverted[0m[2m:[0m 倒排刷盘完成: inverted-00001184.seg
[2m2026-08-30T04:36:36.564843Z[0m [32m INFO[0m [2mshanshui_cunji::inverted[0m[2m:[0m 倒排刷盘完成: inverted-00001185.seg
[2m2026-08-30T04:36:37.289479Z[0m [32m INFO[0m [2mshanshui_cunji::inverted[0m[2m:[0m 倒排刷盘完成: inverted-00001186.seg
[2m2026-08-30T04:36:38.002182Z[0m [32m INFO[0m [2mshanshui_cunji::inverted[0m[2m:[0m 倒排刷盘完成: inverted-00001187.seg
[2m2026-08-30T04:36:38.717412Z[0m [32m INFO[0m [2mshanshui_cunji::inverted[0m[2m:[0m 倒排刷盘完成: inverted-00001188.seg
[2m2026-08-30T04:36:39.433190Z[0m [32m INFO[0m [2mshanshui_cunji::inverted[0m[2m:[0m 倒排刷盘完成: inverted-00001189.seg
[2m2026-08-30T04:36:40.146594Z[0m [32m INFO[0m [2mshanshui_cunji::inverted[0m[2m:[0m 倒排刷盘完成: inverted-00001190.seg
[2m2026-08-30T04:36:40.864759Z[0m [32m INFO[0m [2mshanshui_cunji::inverted[0m[2m:[0m 倒排刷盘完成: inverted-00001191.seg
[2m2026-08-30T04:36:41.574099Z[0m [32m INFO[0m [2mshanshui_cunji::inverted[0m[2m:[0m 倒排刷盘完成: inverted-00001192.seg
[2m2026-08-30T04:36:42.312531Z[0m [32m INFO[0m [2mshanshui_cunji::inverted[0m[2m:[0m 倒排刷盘完成: inverted-00001193.seg
[2m2026-08-30T04:36:43.021759Z[0m [32m INFO[0m [2mshanshui_cunji::inverted[0m[2m:[0m 倒排刷盘完成: inverted-00001194.seg
[2m2026-08-30T04:36:43.743174Z[0m [32m INFO[0m [2mshanshui_cunji::inverted[0m[2m:[0m 倒排刷盘完成: inverted-00001195.seg
[2m2026-08-30T04:36:44.469909Z[0m [32m INFO[0m [2mshanshui_cunji::inverted[0m[2m:[0m 倒排刷盘完成: inverted-00001196.seg
[2m2026-08-30T04:36:45.183756Z[0m [32m INFO[0m [2mshanshui_cunji::inverted[0m[2m:[0m 倒排刷盘完成: inverted-00001197.seg
[2m2026-08-30T04:36:45.958143Z[0m [32m INFO[0m [2mshanshui_cunji::inverted[0m[2m:[0m 倒排刷盘完成: inverted-00001198.seg
[2m2026-08-30T04:36:46.671588Z[0m [32m INFO[0m [2mshanshui_cunji::inverted[0m[2m:[0m 倒排刷盘完成: inverted-00001199.seg
[2m2026-08-30T04:36:47.390153Z[0m [32m INFO[0m [2mshanshui_cunji::inverted[0m[2m:[0m 倒排刷盘完成: inverted-00001200.seg
[2m2026-08-30T04:36:48.177118Z[0m [32m INFO[0m [2mshanshui_cunji::inverted[0m[2m:[0m 倒排刷盘完成: inverted-00001201.seg
[2m2026-08-30T04:36:48.902291Z[0m [32m INFO[0m [2mshanshui_cunji::inverted[0m[2m:[0m 倒排刷盘完成: inverted-00001202.seg
[2m2026-08-30T04:36:49.625177Z[0m [32m INFO[0m [2mshanshui_cunji::inverted[0m[2m:[0m 倒排刷盘完成: inverted-00001203.seg
[2m2026-08-30T04:36:50.362031Z[0m [32m INFO[0m [2mshanshui_cunji::inverted[0m[2m:[0m 倒排刷盘完成: inverted-00001204.seg
[2m2026-08-30T04:36:51.074911Z[0m [32m INFO[0m [2mshanshui_cunji::inverted[0m[2m:[0m 倒排刷盘完成: inverted-00001205.seg
[2m2026-08-30T04:36:51.804134Z[0m [32m INFO[0m [2mshanshui_cunji::inverted[0m[2m:[0m 倒排刷盘完成: inverted-00001206.seg
[2m2026-08-30T04:36:55.037207Z[0m [32m INFO[0m [2mshanshui_cunji::column_family[0m[2m:[0m 列族 [primary] 刷盘完成: sst-00000049.sst (990452 条)
[2m2026-08-30T04:36:55.435137Z[0m [32m INFO[0m [2mshanshui_cunji::inverted[0m[2m:[0m 倒排刷盘完成: inverted-00001207.seg
[2m2026-08-30T04:36:56.185080Z[0m [32m INFO[0m [2mshanshui_cunji::inverted[0m[2m:[0m 倒排刷盘完成: inverted-00001208.seg
[2m2026-08-30T04:36:56.908987Z[0m [32m INFO[0m [2mshanshui_cunji::inverted[0m[2m:[0m 倒排刷盘完成: inverted-00001209.seg
[2m2026-08-30T04:36:57.636227Z[0m [32m INFO[0m [2mshanshui_cunji::inverted[0m[2m:[0m 倒排刷盘完成: inverted-00001210.seg
[2m2026-08-30T04:36:58.366911Z[0m [32m INFO[0m [2mshanshui_cunji::inverted[0m[2m:[0m 倒排刷盘完成: inverted-00001211.seg
[2m2026-08-30T04:36:59.090576Z[0m [32m INFO[0m [2mshanshui_cunji::inverted[0m[2m:[0m 倒排刷盘完成: inverted-00001212.seg
[2m2026-08-30T04:36:59.820589Z[0m [32m INFO[0m [2mshanshui_cunji::inverted[0m[2m:[0m 倒排刷盘完成: inverted-00001213.seg
[2m2026-08-30T04:37:00.537211Z[0m [32m INFO[0m [2mshanshui_cunji::inverted[0m[2m:[0m 倒排刷盘完成: inverted-00001214.seg
[2m2026-08-30T04:37:01.253723Z[0m [32m INFO[0m [2mshanshui_cunji::inverted[0m[2m:[0m 倒排刷盘完成: inverted-00001215.seg
[2m2026-08-30T04:37:01.967302Z[0m [32m INFO[0m [2mshanshui_cunji::inverted[0m[2m:[0m 倒排刷盘完成: inverted-00001216.seg
[2m2026-08-30T04:37:02.826323Z[0m [32m INFO[0m [2mshanshui_cunji::inverted[0m[2m:[0m 倒排刷盘完成: inverted-00001217.seg
[2m2026-08-30T04:37:03.668435Z[0m [32m INFO[0m [2mshanshui_cunji::inverted[0m[2m:[0m 倒排刷盘完成: inverted-00001218.seg
[2m2026-08-30T04:37:04.392367Z[0m [32m INFO[0m [2mshanshui_cunji::inverted[0m[2m:[0m 倒排刷盘完成: inverted-00001219.seg
[2m2026-08-30T04:37:05.141651Z[0m [32m INFO[0m [2mshanshui_cunji::inverted[0m[2m:[0m 倒排刷盘完成: inverted-00001220.seg
[2m2026-08-30T04:37:05.859855Z[0m [32m INFO[0m [2mshanshui_cunji::inverted[0m[2m:[0m 倒排刷盘完成: inverted-00001221.seg
[2m2026-08-30T04:37:06.562814Z[0m [32m INFO[0m [2mshanshui_cunji::inverted[0m[2m:[0m 倒排刷盘完成: inverted-00001222.seg
[2m2026-08-30T04:37:07.276333Z[0m [32m INFO[0m [2mshanshui_cunji::inverted[0m[2m:[0m 倒排刷盘完成: inverted-00001223.seg
[2m2026-08-30T04:37:08.014963Z[0m [32m INFO[0m [2mshanshui_cunji::inverted[0m[2m:[0m 倒排刷盘完成: inverted-00001224.seg
[2m2026-08-30T04:37:08.738129Z[0m [32m INFO[0m [2mshanshui_cunji::inverted[0m[2m:[0m 倒排刷盘完成: inverted-00001225.seg
[2m2026-08-30T04:37:09.478543Z[0m [32m INFO[0m [2mshanshui_cunji::inverted[0m[2m:[0m 倒排刷盘完成: inverted-00001226.seg
[2m2026-08-30T04:37:10.206037Z[0m [32m INFO[0m [2mshanshui_cunji::inverted[0m[2m:[0m 倒排刷盘完成: inverted-00001227.seg
[2m2026-08-30T04:37:11.015977Z[0m [32m INFO[0m [2mshanshui_cunji::inverted[0m[2m:[0m 倒排刷盘完成: inverted-00001228.seg
[2m2026-08-30T04:37:11.844356Z[0m [32m INFO[0m [2mshanshui_cunji::inverted[0m[2m:[0m 倒排刷盘完成: inverted-00001229.seg
[2m2026-08-30T04:37:12.694886Z[0m [32m INFO[0m [2mshanshui_cunji::inverted[0m[2m:[0m 倒排刷盘完成: inverted-00001230.seg
[2m2026-08-30T04:37:13.582949Z[0m [32m INFO[0m [2mshanshui_cunji::inverted[0m[2m:[0m 倒排刷盘完成: inverted-00001231.seg
[2m2026-08-30T04:37:17.045760Z[0m [32m INFO[0m [2mshanshui_cunji::column_family[0m[2m:[0m 列族 [primary] 刷盘完成: sst-00000050.sst (990452 条)
[2m2026-08-30T04:37:17.744928Z[0m [32m INFO[0m [2mshanshui_cunji::inverted[0m[2m:[0m 倒排刷盘完成: inverted-00001232.seg
[2m2026-08-30T04:37:18.485336Z[0m [32m INFO[0m [2mshanshui_cunji::inverted[0m[2m:[0m 倒排刷盘完成: inverted-00001233.seg
[2m2026-08-30T04:37:19.297365Z[0m [32m INFO[0m [2mshanshui_cunji::inverted[0m[2m:[0m 倒排刷盘完成: inverted-00001234.seg
[2m2026-08-30T04:37:20.244259Z[0m [32m INFO[0m [2mshanshui_cunji::inverted[0m[2m:[0m 倒排刷盘完成: inverted-00001235.seg
[2m2026-08-30T04:37:21.012819Z[0m [32m INFO[0m [2mshanshui_cunji::inverted[0m[2m:[0m 倒排刷盘完成: inverted-00001236.seg
[2m2026-08-30T04:37:21.757717Z[0m [32m INFO[0m [2mshanshui_cunji::inverted[0m[2m:[0m 倒排刷盘完成: inverted-00001237.seg
[2m2026-08-30T04:37:22.477975Z[0m [32m INFO[0m [2mshanshui_cunji::inverted[0m[2m:[0m 倒排刷盘完成: inverted-00001238.seg
[2m2026-08-30T04:37:23.308837Z[0m [32m INFO[0m [2mshanshui_cunji::inverted[0m[2m:[0m 倒排刷盘完成: inverted-00001239.seg
[2m2026-08-30T04:37:24.392663Z[0m [32m INFO[0m [2mshanshui_cunji::inverted[0m[2m:[0m 倒排刷盘完成: inverted-00001240.seg
[2m2026-08-30T04:45:29.329972Z[0m [32m INFO[0m [2mshanshui_cunji::inverted[0m[2m:[0m 倒排 GC 完成: 1240 段合并为 1（释放 360886751 字节）
[2m2026-08-30T04:48:02.701943Z[0m [32m INFO[0m [2mshanshui_cunji::column_family[0m[2m:[0m 列族 [primary] 加载 0 个 SST，下一个 id=1
[2m2026-08-30T04:48:02.704038Z[0m [32m INFO[0m [2mshanshui_cunji::inverted[0m[2m:[0m 倒排索引打开: 0 个段，下一个 id=1
[2m2026-08-30T04:48:02.704063Z[0m [32m INFO[0m [2mshanshui_cunji::inverted[0m[2m:[0m FST 字典加载: 0/0 段
[2m2026-08-30T04:48:02.706725Z[0m [32m INFO[0m [2mshanshui_cunji::column_family[0m[2m:[0m 列族 [cidx] 加载 0 个 SST，下一个 id=1
[2m2026-08-30T04:48:02.708683Z[0m [32m INFO[0m [2mshanshui_cunji::column_family[0m[2m:[0m 列族 [delta] 加载 0 个 SST，下一个 id=1
[2m2026-08-30T04:48:29.641429Z[0m [32m INFO[0m [2mshanshui_cunji::column_family[0m[2m:[0m 列族 [primary] 刷盘完成: sst-00000001.sst (990451 条)
[2m2026-08-30T04:48:33.333575Z[0m [32m INFO[0m [2mshanshui_cunji::inverted[0m[2m:[0m 倒排刷盘完成: inverted-00000001.seg
[2m2026-08-30T04:49:00.628057Z[0m [32m INFO[0m [2mshanshui_cunji::column_family[0m[2m:[0m 列族 [cidx-demo] 加载 0 个 SST，下一个 id=1
[2m2026-08-30T04:50:25.850862Z[0m [32m INFO[0m [2mshanshui_cunji::column_family[0m[2m:[0m 列族 [primary] 加载 0 个 SST，下一个 id=1
[2m2026-08-30T04:50:25.854028Z[0m [32m INFO[0m [2mshanshui_cunji::inverted[0m[2m:[0m 倒排索引打开: 0 个段，下一个 id=1
[2m2026-08-30T04:50:25.854069Z[0m [32m INFO[0m [2mshanshui_cunji::inverted[0m[2m:[0m FST 字典加载: 0/0 段
[2m2026-08-30T04:50:25.856499Z[0m [32m INFO[0m [2mshanshui_cunji::column_family[0m[2m:[0m 列族 [cidx] 加载 0 个 SST，下一个 id=1
[2m2026-08-30T04:50:25.858608Z[0m [32m INFO[0m [2mshanshui_cunji::column_family[0m[2m:[0m 列族 [delta] 加载 0 个 SST，下一个 id=1
[2m2026-08-30T04:50:25.861238Z[0m [32m INFO[0m [2mshanshui_cunji::column_family[0m[2m:[0m 列族 [primary] 加载 0 个 SST，下一个 id=1
[2m2026-08-30T04:50:25.862352Z[0m [32m INFO[0m [2mshanshui_cunji::inverted[0m[2m:[0m 倒排索引打开: 0 个段，下一个 id=1
[2m2026-08-30T04:50:25.862371Z[0m [32m INFO[0m [2mshanshui_cunji::inverted[0m[2m:[0m FST 字典加载: 0/0 段
[2m2026-08-30T04:50:25.863961Z[0m [32m INFO[0m [2mshanshui_cunji::column_family[0m[2m:[0m 列族 [cidx] 加载 0 个 SST，下一个 id=1
[2m2026-08-30T04:50:25.878050Z[0m [32m INFO[0m [2mshanshui_cunji::column_family[0m[2m:[0m 列族 [delta] 加载 0 个 SST，下一个 id=1
[2m2026-08-30T04:50:25.881081Z[0m [32m INFO[0m [2mshanshui_cunji::column_family[0m[2m:[0m 列族 [primary] 加载 0 个 SST，下一个 id=1
[2m2026-08-30T04:50:25.882682Z[0m [32m INFO[0m [2mshanshui_cunji::inverted[0m[2m:[0m 倒排索引打开: 0 个段，下一个 id=1
[2m2026-08-30T04:50:25.882705Z[0m [32m INFO[0m [2mshanshui_cunji::inverted[0m[2m:[0m FST 字典加载: 0/0 段
[2m2026-08-30T04:50:25.884698Z[0m [32m INFO[0m [2mshanshui_cunji::column_family[0m[2m:[0m 列族 [cidx] 加载 0 个 SST，下一个 id=1
[2m2026-08-30T04:50:25.887168Z[0m [32m INFO[0m [2mshanshui_cunji::column_family[0m[2m:[0m 列族 [delta] 加载 0 个 SST，下一个 id=1
[2m2026-08-30T04:50:25.889592Z[0m [32m INFO[0m [2mshanshui_cunji::column_family[0m[2m:[0m 列族 [primary] 加载 0 个 SST，下一个 id=1
[2m2026-08-30T04:50:25.891122Z[0m [32m INFO[0m [2mshanshui_cunji::inverted[0m[2m:[0m 倒排索引打开: 0 个段，下一个 id=1
[2m2026-08-30T04:50:25.891144Z[0m [32m INFO[0m [2mshanshui_cunji::inverted[0m[2m:[0m FST 字典加载: 0/0 段
[2m2026-08-30T04:50:25.892311Z[0m [32m INFO[0m [2mshanshui_cunji::column_family[0m[2m:[0m 列族 [cidx] 加载 0 个 SST，下一个 id=1
[2m2026-08-30T04:50:25.894351Z[0m [32m INFO[0m [2mshanshui_cunji::column_family[0m[2m:[0m 列族 [delta] 加载 0 个 SST，下一个 id=1
[2m2026-08-30T04:51:09.836405Z[0m [32m INFO[0m [2mshanshui_cunji::column_family[0m[2m:[0m 列族 [primary] 刷盘完成: sst-00000051.sst (354410 条)
[2m2026-08-30T04:52:38.193872Z[0m [32m INFO[0m [2mshanshui_cunji::column_family[0m[2m:[0m 列族 [primary] 加载 51 个 SST，下一个 id=52
[2m2026-08-30T04:52:38.196936Z[0m [32m INFO[0m [2mshanshui_cunji::inverted[0m[2m:[0m 倒排索引打开: 1 个段，下一个 id=1242
[2m2026-08-30T04:52:38.198893Z[0m [32m INFO[0m [2mshanshui_cunji::inverted[0m[2m:[0m FST 字典加载: 1/1 段
[2m2026-08-30T04:55:51.851588Z[0m [32m INFO[0m [2mshanshui_cunji::column_family[0m[2m:[0m 列族 [cidx] 加载 0 个 SST，下一个 id=1
[2m2026-08-30T04:55:51.914783Z[0m [32m INFO[0m [2mshanshui_cunji::column_family[0m[2m:[0m 列族 [delta] 加载 0 个 SST，下一个 id=1
功能               结果       耗时(ms)  说明
----------------------------------------------------------------------------------------------------
构造测试数据           ✅     429837.80  生成 50000000 条文档（status/city 倒排 + title/content/remark fulltext 分词；流式生成 100000 条耗时 860 ms）
批量插入             ✅    1630971.62  写入 50000000 / 50000000 条，1630972 ms（30657 条/s；WAL 攒批 + 定期倒排刷盘 + 段 GC 合并 1240 旧段 → 1 段，释放 344 MB）
批量插入(1000/批)     ✅      30672.85  独立引擎 put_batch 批量插入 1000000 条（1000 条/批 × 1000 批，每批原子提交），30673 ms（32602 条/s）
查询 · 主键          ✅      26546.62  1000000 次主键点查，命中 1000000，未命中 0（稀疏索引→布隆→Zone Map→块缓存）
查询 · HotCache    ✅        708.76  1000000 次重复查询，HotCache 命中 1000000 / 1000000（写后回填 + 读后回填）
查询 · 组合索引        ✅        151.25  status=active 前缀扫描命中 100000 条（写入索引 100000 条）；10000 次前缀点查命中 3333
查询 · 倒排词条        ✅       1437.84  city=beijing 命中 12500000 条（预期 12500000）；抽样回表 200000/200000 条验证；1000 次检索累计命中 16675000000；10000 次 COUNT（内存位图）累计 166675000000
查询 · fulltext 分词 ✅      64838.55  1000 次分词检索（content 字段：中文 bigram / 英文整词，每次回表 ≤10），累计命中 16271527797
查询 · 类 SQL       ✅      18788.68  1000 次等值 `status='active' AND city='beijing'`（倒排 AND 交集）+ 100 次 `AND amount BETWEEN lo AND hi`（后过滤快路径）+ 100 次 `AND ts BETWEEN`（日期时间戳），累计命中 50000+5000+5000
分片路由             ✅      22275.58  4 分片抽样 1000000 条分布：shard0=250000, shard1=250000, shard2=250000, shard3=250000（合计 1000000）；分片点查命中 1000000/1000000
删除               ✅      17295.19  删除 1000000 条并验证不可见（Tombstone 落盘 + HotCache 失效）：1000000/1000000
优化器路由            ✅          0.00  静态路由 5 类访问路径自检通过（主键点查/范围/组合索引/倒排/全扫）
备份 · 还原          ✅     287031.31  备份 50000000 条库 → 还原重开：未删可读 45/45（缺失 0），已删仍不可见 5/5，city=beijing 计数 12500000（预期 12500000，含 tombstone）
----------------------------------------------------------------------------------------------------
总计：13/13 通过

📄 HTML 报告已生成: images\perf-0.6.0\5000万\report.html
